rank_plano,EMPRESA_JUNIOR,ESTADO,CIDADE,CNPJ,E_MAIL,SITE,FEDERATION_NAME,UNIVERSIDADE,CURSOS,MEMBROS,FATURAMENTO,CONTRATOS,CLUSTER_2024,E_DE_ALTO_CRESCIMENTO,FACEBOOK,aderencia,demanda,acessibilidade,capacidade,encaixe,score,planning_score,pure_comm,creative,broad,matches
1,Facto Agência de Comunicação,DF,Brasília,11.370.755/0001-02,contato@factoagencia.com.br,https://www.factoagencia.com.br/,Concentro,UNIVERSIDADE DE BRASÍLIA,"Comunicação Social - Audiovisual, Comunicação Social - Comunicação Organizacional, Comunicação Social - Publicidade E Propaganda, Jornalismo",29.0,204048.0,39.0,4.0,Sim,https://www.facebook.com/FactoAgencia,30,17.5,20,14.7,14.0,96.3,102.3,True,True,False,comunicação; jornalismo; publicidade; propaganda; audiovisual
2,ESPM Jr.,RJ,Rio de Janeiro,03.419.601/0001-21,diretoriapresidencia@espmjr.com,http://www.espmjr.com/,RioJunior,ESCOLA SUPERIOR DE PROPAGANDA E MARKETING DO RIO DE JANEIRO,"Administração, Comunicação Social - Publicidade E Propaganda, Design",37.0,302121.0,27.0,5.0,Sim,https://www.facebook.com/espmjuniorRJ/?fref=ts,28,18.0,20,13.4,12.5,91.9,97.9,True,True,False,comunicação; publicidade; propaganda; design
3,Arco Consultoria,PE,Recife,27.237.722/0001-10,comercial@arcoconsultoria.org,https://www.arcoconsultoria.org/,FEJEPE,UNIVERSIDADE FEDERAL DE PERNAMBUCO,"Abi - Engenharia, Arquitetura E Urbanismo, Design, Engenharia Civil, Publicidade E Propaganda",30.0,180884.94,40.0,4.0,Sim,https://www.facebook.com/consultoria.arco,26,17.6,20,15,11.0,89.6,95.6,True,True,False,publicidade; propaganda; design
4,Cria UFMG,MG,Belo Horizonte,03.401.931/0001-90,presidencia@criaufmg.com.br,http://criaufmg.com.br/,FEJEMG,UNIVERSIDADE FEDERAL DE MINAS GERAIS,"Jornalismo, Publicidade E Propaganda, Relações Públicas",46.0,129677.0,33.0,3.0,Não,https://www.facebook.com/pg/criaufmg/about/?ref=page_internal,28,13.4,20,13.3,11.0,85.7,91.7,True,True,False,jornalismo; publicidade; propaganda; relações públicas
5,Ecos Jr.,ES,Vitória,02.226.797/0001-75,presidenciaecosjr@gmail.com,http://www.ecosjr.com.br/,Juniores,UNIVERSIDADE FEDERAL DO ESPÍRITO SANTO,"Administração, Artes Plásticas, Artes Visuais, Cinema E Audiovisual, Comunicação Social - Jornalismo, Comunicação Social - Publicidade E Propaganda, Design, Letras - Português, Psicologia",51.0,55490.0,56.0,1.0,Sim,https://www.facebook.com/ecosjr/,30,16.6,20,11.2,15,92.8,88.8,True,True,True,comunicação; jornalismo; publicidade; propaganda; audiovisual; design
6,Ayra Consultoria,RJ,Rio de Janeiro,05.333.233/0001-20,diretoria@ayraconsultoria.com,https://www.ayraconsultoria.com.br/,RioJunior,UNIVERSIDADE FEDERAL DO RIO DE JANEIRO,"Abi - Comunicação Social, Administração, Biblioteconomia E Gestão De Unidades De Informação, Ciências Contábeis, Ciências Econômicas",52.0,352087.71,37.0,5.0,Não,https://www.facebook.com/ayraconsultoria/,22,16.6,20,14.6,9.5,82.8,88.8,True,True,False,comunicação
7,Pupila Audiovisual,DF,Brasília,12.556.073/0001-43,contato@pupilaaudiovisual.com.br,https://www.pupilaaudiovisual.com.br/,Concentro,UNIVERSIDADE DE BRASÍLIA,"Comunicação Social - Audiovisual, Comunicação Social - Comunicação Organizacional, Comunicação Social - Publicidade E Propaganda, Jornalismo",45.0,19020.0,16.0,1.0,Sim,https://web.facebook.com/PupilaAudiovisual/,30,11.2,20,6.8,14.0,82.0,88.0,True,True,False,comunicação; jornalismo; publicidade; propaganda; audiovisual
8,Aspecto Empreendimento Criativo,MG,Juiz de Fora,14.495.150/0001-28,contato@aspectojr.com.br,https://aspectojr.com.br,FEJEMG,UNIVERSIDADE FEDERAL DE JUIZ DE FORA,"Artes Visuais, Cinema E Audiovisual, Design, Interdisciplinar Em Artes E Design - Bi/Li, Moda",32.0,78343.28,44.0,4.0,Não,https://www.facebook.com/aspectojr/,24,14.3,20,12.1,11.0,81.4,87.4,True,True,False,audiovisual; design
9,Produtora Júnior,BA,Salvador,08.106.974/0001-66,comercial@produtorajunior.com.br,http://produtorajunior.com.br/,UNIJr-BA,UNIVERSIDADE FEDERAL DA BAHIA,"Comunicação - Produção Em Comunicação E Cultura, Comunicação Social - Jornalismo, Interdisciplinar Em Artes, Interdisciplinar Em Humanidades",29.0,128938.74,30.0,4.0,Não,https://www.facebook.com/produtorajunior/?fref=ts,24,12.7,20,12.8,11.0,80.4,86.4,True,True,False,comunicação; jornalismo
10,Iris Comunicação,PB,João Pessoa,11.674.747/0001-41,ejiriscomunicacao@gmail.com,https://ejiriscomunicacao.com,PB júnior,UNIVERSIDADE FEDERAL DA PARAÍBA,"Cinema E Audiovisual, Jornalismo, Radialismo, Relações Públicas",28.0,41819.97,30.0,3.0,Não,https://facebook.com/ejiriscomunicacao,28,10.7,20,9.2,12.5,80.3,86.3,True,True,False,comunicação; jornalismo; relações públicas; audiovisual
11,59mil,RN,Natal,28.769.490/0001-04,ej@59mil.com,http://www.59mil.com.br/,RN Júnior,UNIVERSIDADE FEDERAL DO RIO GRANDE DO NORTE,Comunicação Social - Publicidade E Propaganda,42.0,117760.0,21.0,3.0,Não,https://www.facebook.com/59mil,26,11.8,20,11.3,11.0,80.1,86.1,True,True,False,comunicação; publicidade; propaganda
12,Fluxo Consultoria,RJ,Rio de Janeiro,72.387.608/0001-21,fluxo@poli.ufrj.br,http://fluxoconsultoria.poli.ufrj.br/,RioJunior,UNIVERSIDADE FEDERAL DO RIO DE JANEIRO,"Arquitetura E Urbanismo, Comunicação Visual Design, Engenharia Ambiental, Engenharia (Ciclo Básico), Engenharia Civil, Engenharia De Alimentos, Engenharia De Bioprocessos, Engenharia De Computação E Informação, Engenharia De Controle E Automação, Engenharia De Materiais, Engenharia De Produção, Engenharia Elétrica, Engenharia Eletrônica E De Computação, Engenharia Mecânica, Engenharia Metalúrgica, Engenharia Naval E Oceânica, Engenharia Nuclear, Engenharia Química",112.0,1385542.76,97.0,4.0,Não,https://www.facebook.com/fluxoconsultoria/?fref=ts,24,20,20,15,11.0,90.0,86.0,True,True,True,comunicação; design
13,Belas Artes Jr,SP,São Paulo,39.428.015/0001-90,jr@belasartes.br,https://www.belasartesjr.com/,FEJESP,CENTRO UNIVERSITÁRIO BELAS ARTES DE SÃO PAULO,"Administração, Arquitetura E Urbanismo, Comunicação Social - Publicidade E Propaganda, Design De Interiores, Design Gráfico, Marketing, Relações Internacionais, Relações Públicas",37.0,21017.94,20.0,1.0,Sim,,30,11.3,17,7.3,14.0,79.7,85.7,True,True,False,comunicação; publicidade; propaganda; relações públicas; marketing; design
14,Primus Consultoria Empresarial Jr,BA,Salvador,96.850.250/0001-90,contato@primusconsultoria.com.br,http://primusconsultoria.com.br/,UNIJr-BA,UNIVERSIDADE SALVADOR,"Administração, Ciências Contábeis, Ciências Econômicas, Comunicação E Marketing, Comunicação Social - Publicidade E Propaganda, Design, Gestão Comercial, Gestão Da Qualidade, Gestão De Recursos Humanos, Gestão Financeira, Relações Internacionais",51.0,202645.0,19.0,3.0,Não,https://www.facebook.com/ejprimusconsultoria,30,12.4,20,12.4,14.0,88.8,84.8,True,True,True,comunicação; publicidade; propaganda; marketing; design
15,Empresa Júnior UNICAP,PE,Recife,25.353.663/0001-10,contato@ejunicap.com,https://ejunicap.com.br/,FEJEPE,UNIVERSIDADE CATÓLICA DE PERNAMBUCO,"Administração, Arquitetura E Urbanismo, Ciência Da Computação, Ciência Política, Ciências Contábeis, Ciências Econômicas, Comunicação Social - Publicidade E Propaganda, Direito, Engenharia Civil, Engenharia De Produção, Fotografia, Jornalismo, Psicologia",45.0,148135.0,29.0,4.0,Não,https://www.facebook.com/ejunicap/?ref=aymt_homepage_panel,28,14.1,20,13.6,12.5,88.2,84.2,True,True,True,comunicação; jornalismo; publicidade; propaganda
16,Ponto,GO,Goiânia,23.905.004/0001-14,falepra@pontocjr.com,https://comunicacaoponto.com.br/,Goiás Júnior,UNIVERSIDADE FEDERAL DE GOIÁS,Comunicação Social - Publicidade E Propaganda,52.0,26400.63,20.0,2.0,Sim,https://www.facebook.com/umpontopravc/,26,12.8,20,7.6,11.0,77.3,83.3,True,True,False,comunicação; publicidade; propaganda
17,Acesso Comunicação Júnior,MG,Juiz de Fora,04.229.669/0001-00,presidencia@acessojr.com,"https://www.google.com.br/maps/place/Acesso+Comunica%C3%A7%C3%A3o+Jr./@-21.7752658,-43.3688957,17z/data=!3m1!4b1!4m5!3m4!1s0x989b7517ddaf81:0x4e611749257d1a62!8m2!3d-21.7752708!4d-43.366707",FEJEMG,UNIVERSIDADE FEDERAL DE JUIZ DE FORA,"Jornalismo, Rádio, Tv E Internet",32.0,68255.05,31.0,3.0,Não,https://www.facebook.com/acessojr/,24,11.6,20,10.6,11.0,77.2,83.2,True,True,False,comunicação; jornalismo
18,Jangadeiros,AL,Maceió,34.100.549/0001-70,direx@ejangadeiros.com.br,https://instagram.com/ejangadeiros,FEJEA,UNIVERSIDADE FEDERAL DE ALAGOAS,"Jornalismo, Relações Públicas",19.0,129362.0,33.0,5.0,Sim,,24,14.8,17,11.8,9.5,77.1,83.1,True,True,False,jornalismo; relações públicas
19,Doisnovemeia Publicidade,DF,Brasília,01.350.243/0001-12,presidencia@doisnovemeia.com.br,http://www.doisnovemeia.com.br,Concentro,UNIVERSIDADE DE BRASÍLIA,"Comunicação Social - Audiovisual, Comunicação Social - Comunicação Organizacional, Comunicação Social - Publicidade E Propaganda",26.0,40360.0,14.0,1.0,Sim,https://www.facebook.com/Doisnovemeia/,28,9.4,20,6.8,12.5,76.7,82.7,True,True,False,comunicação; publicidade; propaganda; audiovisual
20,Rastro Agência Jr.,CE,Fortaleza,23.353.442/0001-17,diretoria.rastroufc@gmail.com,https://www.google.com/search?gs_ssp=eJzj4tVP1zc0TLOsSI4vKzA0YLRSMagwTzY3sUwzsUw0SE42SjS0MqgwTTWyME4xszBOS7ZIM7ZI8RIsSiwuKcpXSExPzUvOTFTIKgIA8bEVwA&q=rastro+agencia+jr&oq=ras&aqs=chrome.1.69i57j46i39i175i199j0i131i433i512j0i433i512j0i131i433i512j69i60l3.1962j0j7&sourceid=chrome&ie=UTF-8,FEJECE,UNIVERSIDADE FEDERAL DO CEARÁ,Comunicação Social - Publicidade E Propaganda,34.0,54031.03,20.0,3.0,Não,http://facebook.com/rastroufc,26,10.3,20,8.7,11.0,76.0,82.0,True,True,False,comunicação; publicidade; propaganda
21,Projetos Consultoria Integrada,DF,Brasília,03.459.709/0001-48,contato@projetosintegrada.com.br,https://www.projetosintegrada.com.br/,Concentro,CENTRO UNIVERSITÁRIO DE BRASÍLIA,"Administração, Análise E Desenvolvimento De Sistemas, Arquitetura E Urbanismo, Ciência Da Computação, Ciências Contábeis, Comunicação Social - Publicidade E Propaganda, Design De Interiores, Design Gráfico, Direito, Engenharia Civil, Engenharia De Computação, Engenharia Elétrica, Gestão De Recursos Humanos, Gestão Financeira, Marketing, Psicologia, Relações Internacionais",57.0,53815.7,28.0,3.0,Não,https://www.facebook.com/projetosintegrada/?fref=ts,30,12.0,20,9.7,14.0,85.7,81.7,True,True,True,comunicação; publicidade; propaganda; marketing; design
22,Nuvem Jr.,RS,Santa Maria,31.316.267/0001-16,,https://www.nuvemjr.com/,FEJERS,UNIVERSIDADE FEDERAL DE SANTA MARIA,"Comunicação Social - Produção Editorial, Comunicação Social - Publicidade E Propaganda, Comunicação Social - Relações Públicas, Jornalismo",30.0,30155.1,26.0,2.0,Sim,https://www.facebook.com/nuvemjr,30,12.3,12,8.5,12.5,75.3,81.3,True,True,False,comunicação; jornalismo; publicidade; propaganda; relações públicas
23,Marketing Júnior USP,SP,São Paulo,11.565.122/0001-41,presidencia@marketingjr.com.br,https://www.marketingjr.com.br/,FEJESP,UNIVERSIDADE DE SÃO PAULO,Marketing,46.0,200449.13,24.0,5.0,Não,https://www.facebook.com/MarketingJr/,22,14.0,20,13.0,9.5,78.5,80.5,False,True,False,marketing
24,EngNet Consultoria,DF,Brasília,10.279.902/0001-62,contato@engnetconsultoria.com.br,http://engnetconsultoria.com.br/,Concentro,UNIVERSIDADE DE BRASÍLIA,"Engenharia De Computação, Engenharia De Redes De Comunicação, Engenharia De Software, Engenharia Elétrica, Engenharia Eletrônica, Engenharia Mecatrônica - Controle E Automação",39.0,97912.0,13.0,3.0,Sim,https://www.facebook.com/EngNetConsultoriaJr/?fref=ts,22,13.5,20,9.5,9.5,74.5,80.5,True,True,False,comunicação
25,Opção Consultoria,RJ,Niterói,02.744.184/0001-20,ingridbotti@opcaoconsultoria.com.br,https://opcaoconsultoria.com.br/,RioJunior,UNIVERSIDADE FEDERAL FLUMINENSE,"Ciências Econômicas, Comunicação Social - Publicidade E Propaganda",58.0,30228.0,8.0,2.0,Sim,https://www.facebook.com/OpcaoConsultoriaJr/,26,11.3,20,6.2,11.0,74.5,80.5,True,True,False,comunicação; publicidade; propaganda
26,ESPM Jr.,SP,São Paulo,67.135.038/0001-42,,https://espmjr.com.br/,FEJESP,ESCOLA SUPERIOR DE PROPAGANDA E MARKETING,"Administração, Comunicação Social - Publicidade E Propaganda",42.0,175160.95,17.0,1.0,Sim,https://www.facebook.com/ESPMJr,26,12.9,12,12.1,11.0,74.0,80.0,True,True,False,comunicação; publicidade; propaganda
27,Matriz Comunicação,DF,Brasília,05.607.458/0001-27,digital.matriz@gmail.com,http://www.matrizcomunicacao.com/,Concentro,UNIVERSIDADE CATÓLICA DE BRASÍLIA,"Comunicação Social - Publicidade E Propaganda, Design Visual, Jornalismo",16.0,5350.0,3.0,1.0,Sim,https://www.facebook.com/matriz.comunicacao/,30,6.4,20,2.7,14.0,73.2,79.2,True,True,False,comunicação; jornalismo; publicidade; propaganda; design
28,Pégaso,PR,Curitiba,35.206.418/0001-34,produtorapegaso@gmail.com,,FEJEPAR,UNIVERSIDADE FEDERAL DO PARANÁ,"Comunicação Institucional, Design De Produto, Design Gráfico, Jornalismo, Produção Cênica, Publicidade E Propaganda, Relações Públicas",23.0,18861.57,12.0,1.0,Sim,https://www.facebook.com/pegasoufpr,30,8.6,15,5.3,14.0,72.9,78.9,True,True,False,comunicação; jornalismo; publicidade; propaganda; relações públicas; design
29,Agência de Comunicações ECA Jr.,SP,São Paulo,67.004.424/0001-03,comunicacao@ecajr.com.br,http://www.ecajr.com.br/,FEJESP,UNIVERSIDADE DE SÃO PAULO,"Comunicação Social Com Habilitação Em Publicidade E Propaganda, Relações Públicas, Turismo",23.0,44850.0,8.0,1.0,Não,https://www.facebook.com/agenciaecajr/,28,5.3,20,5.9,11.0,70.2,76.2,True,True,False,comunicação; publicidade; propaganda; relações públicas
30,Ibmec Jr. Soluções,RJ,Rio de Janeiro,01.419.692/0001-70,presidencia@ibmecjr.com.br,https://ibmecjr.com.br/,RioJunior,Centro Universitário IBMEC,"Administração, Ciência De Dados E Inteligência Artificial, Ciências Contábeis, Ciências Econômicas, Comunicação Social - Publicidade E Propaganda, Direito, Engenharia Civil, Engenharia De Computação, Engenharia De Produção, Engenharia Mecânica, Jornalismo, Relações Internacionais",49.0,101692.84,6.0,1.0,Sim,https://www.facebook.com/ibmecjr/,28,10.8,20,8.8,12.5,80.1,76.1,True,True,True,comunicação; jornalismo; publicidade; propaganda
31,Inventório - Empresa Júnior de Design e Moda,SC,Florianópolis,09.548.993/0001-05,presidencia@inventorio.org.br,http://inventorio.org.br/,FEJESC,FUNDAÇÃO UNIVERSIDADE DO ESTADO DE SANTA CATARINA,"Administração, Design Gráfico, Design - Industrial, Moda",21.0,148172.56,23.0,5.0,Não,https://www.facebook.com/inventorio/?fref=ts,22,11.0,20,11.6,9.5,74.1,76.1,False,True,False,design
32,Avance Consultoria Júnior,MG,Frutal,09.055.337/0001-70,avance.mej@gmail.com,https://avancejr.com.br,FEJEMG,UNIVERSIDADE DO ESTADO DE MINAS GERAIS,"Administração, Comunicação Social - Publicidade E Propaganda, Direito, Jornalismo, Sistema De Informação",9.0,5350.0,4.0,1.0,Sim,https://www.facebook.com/AvanceJr/,28,5.7,20,1.9,12.5,68.1,74.1,True,True,False,comunicação; jornalismo; publicidade; propaganda
33,2TONS - Empresa Júnior da Midialogia,SP,Campinas,39.596.161/0001-25,administrativo@2tons.com.br,http://2tons.com.br/,FEJESP,UNIVERSIDADE ESTADUAL DE CAMPINAS,Comunicação Social,35.0,29106.32,11.0,1.0,Sim,https://www.facebook.com/ej.2tons/,22,10.0,20,6.5,9.5,68.1,74.1,True,True,False,comunicação
34,Intermídia,MG,Viçosa,23.248.037/0001-39,intermidiaufv@gmail.com,,FEJEMG,UNIVERSIDADE FEDERAL DE VIÇOSA,Comunicação Social - Jornalismo,17.0,48995.35,20.0,3.0,Sim,https://www.facebook.com/IntermidiaEJ,24,11.1,15,6.7,11.0,67.8,73.8,True,True,False,comunicação; jornalismo
35,estalo design,PR,Curitiba,13.531.826/0001-29,contato@estalodeisgn.com,http://www.estalodesign.com/,FEJEPAR,UNIVERSIDADE TECNOLÓGICA FEDERAL DO PARANÁ,"Design, Design Gráfico",34.0,39195.12,20.0,2.0,Sim,https://www.facebook.com/estalodesign/,22,12.1,20,8.1,9.5,71.7,73.7,False,True,False,design
36,Verbalize Empresa Júnior,MG,Mariana,17.611.714/0001-39,verbalize.jr@ufop.edu.br,https://www.verbalizejr.com,FEJEMG,UNIVERSIDADE FEDERAL DE OURO PRETO,Jornalismo,23.0,51044.0,11.0,2.0,Sim,https://www.facebook.com/verbalizejr/,22,9.8,20,6.5,9.5,67.7,73.7,True,True,False,jornalismo
37,Agência Júnior de Comunicação Mackenzie,SP,São Paulo,05.703.065/0001-17,agjrmackenzie@gmail.com.br,https://agenciajrmack.com.br/,FEJESP,UNIVERSIDADE PRESBITERIANA MACKENZIE,"Comunicação Social - Publicidade E Propaganda, Jornalismo, Letras Português E Inglês",18.0,3101.0,4.0,1.0,Não,https://www.facebook.com/agenciajr/,28,3.8,20,3.0,12.5,67.3,73.3,True,True,False,comunicação; jornalismo; publicidade; propaganda
38,Mosaico Comunicação Júnior,MG,São João del Rei,20.428.179/0001-90,contato@mosaicojr.com.br,http://mosaicojr.com,FEJEMG,UNIVERSIDADE FEDERAL DE SÃO JOÃO DEL REI,Comunicação Social - Jornalismo,26.0,4000.56,4.0,1.0,Sim,https://www.facebook.com/mosaicocomunicacaojr/?fref=ts,24,7.8,20,4.1,11.0,66.9,72.9,True,True,False,comunicação; jornalismo
39,EJCM,RJ,Rio de Janeiro,39.081.849/0001-72,equipe.comercial@ejcm.com.br,http://www.ejcm.com.br,RioJunior,UNIVERSIDADE FEDERAL DO RIO DE JANEIRO,"Ciência Da Computação, Ciências Matemáticas E Da Terra, Ciências Matemáticas E Da Terra - Analista De Suporte À Decisão, Comunicação Visual Design, Desenho Industrial - Projeto De Produto, Engenharia Eletrônica E De Computação",67.0,38453.43,4.0,3.0,Não,,24,8.9,17,6.0,11.0,66.9,72.9,True,True,False,comunicação; design
40,Focus Consultoria,RJ,Rio das Ostras,11.503.720/0001-96,contato@cosultoriafocus.com,http://www.consultoriafocus.com/,RioJunior,UNIVERSIDADE FEDERAL FLUMINENSE,"Ciência Da Computação, Engenharia De Produção, Produção Cultural, Psicologia",33.0,61230.0,6.0,3.0,Sim,https://www.facebook.com/FocusConsultoria,22,11.5,20,7.2,8.0,68.7,72.7,True,False,False,produção cultural
41,Ampla Consultoria Jr.,MG,Juiz de Fora,26.628.646/0001-01,comercial@amplajr.com.br,https://www.amplajr.com.br,FEJEMG,Centro Universitário Academia,"Administração, Gestão De Recursos Humanos, Jornalismo, Marketing, Psicologia, Publicidade E Propaganda",4.0,2600.0,2.0,1.0,Sim,https://www.facebook.com/amplajr/?jazoest=2651001219798121102511071151141228911265112721046511311683531007878717853808775101104105110978368951168253736510358651001227011876878912070779756675710211710689113104101106114105889871111839785815550116113818910779721217511565,28,4.8,20,0.9,12.5,66.2,72.2,True,True,False,jornalismo; publicidade; propaganda; marketing
42,Qualitas Jr,SP,Campinas,05.057.622/0001-70,contato@qualitasjr.com.br,http://qualitasjr.com.br,FEJESP,FACULDADES DE CAMPINAS,"Administração, Ciências Econômicas, Comunicação Social - Publicidade E Propaganda, Engenharia De Computação, Engenharia De Produção, Engenharia Mecânica",20.0,15000.0,4.0,2.0,Não,https://www.facebook.com/QualitasJr/,26,5.2,20,3.8,11.0,65.9,71.9,True,True,False,comunicação; publicidade; propaganda
43,Cajuí Collab,DF,Brasília,51.034.351/0001-54,,https://cajuicollab.com.br,Concentro,UNIVERSIDADE CATÓLICA DE BRASÍLIA,"Análise E Desenvolvimento De Sistemas, Ciência Da Computação, Comunicação Social - Publicidade E Propaganda, Design Visual, Engenharia De Software",44.0,32995.0,7.0,1.0,Sim,,28,10.2,9,6.2,12.5,65.9,71.9,True,True,False,comunicação; publicidade; propaganda; design
44,expresse! consultoria,RJ,Rio de Janeiro,19.092.442/0001-33,marketing@expresseconsultoria.com.br,http://expresseconsultoria.com.br/,RioJunior,UNIVERSIDADE DO ESTADO DO RIO DE JANEIRO,"Jornalismo, Relações Públicas",24.0,32690.0,4.0,3.0,Não,https://www.facebook.com/expresse.consultoria,24,6.8,20,5.0,9.5,65.3,71.3,True,True,False,jornalismo; relações públicas
45,EJ BRAVA,MS,Campo Grande,30.955.545/0001-12,ejbrava@gmail.com,https://www.instagram.com/ejbrava/,FEJEMS,UNIVERSIDADE FEDERAL DE MATO GROSSO DO SUL,Jornalismo,26.0,24740.0,7.0,1.0,Sim,https://www.facebook.com/ejbrava,22,8.4,20,5.3,9.5,65.2,71.2,True,True,False,jornalismo
46,Jornal Jr.,SP,Bauru,19.221.014/0001-63,jornaljr.unesp@gmail.com,http://www.jornaljr.com.br/,FEJESP,UNIVERSIDADE ESTADUAL PAULISTA JÚLIO DE MESQUITA FILHO,"Abi - Artes Visuais, Abi - Design, Artes Visuais, Design Gráfico, Jornalismo, Relações Públicas",7.0,3682.5,6.0,1.0,Sim,https://www.facebook.com/jornaljr/,26,5.7,20,1.8,11.0,64.5,70.5,True,True,False,jornalismo; relações públicas; design
47,Enfasis Júnior,RN,Natal,43.624.856/0001-40,enfasisjr@gmail.com,https://enfasisjunior.wordpress.com/,RN Júnior,UNIVERSIDADE FEDERAL DO RIO GRANDE DO NORTE,Jornalismo,24.0,21273.0,11.0,2.0,Sim,,22,9.6,17,5.4,9.5,63.5,69.5,True,True,False,jornalismo
48,Multiconsultoria,RJ,Seropédica,02.577.076/0001-00,vicepresidencia@multiconsultoria.org.br,http://www.multiconsultoria.org.br/,RioJunior,UNIVERSIDADE FEDERAL RURAL DO RIO DE JANEIRO,"Administração, Administração Pública, Ciências Contábeis, Ciências Econômicas, Jornalismo",8.0,40011.8,7.0,3.0,Sim,https://www.facebook.com/multiconsultoriaej,22,8.3,20,3.5,9.5,63.3,69.3,True,True,False,jornalismo
49,Jornalismo Júnior,SP,São Paulo,07.107.712/0001-53,contato@jornalismojunior.com.br,https://jornalismojunior.com.br/,FEJESP,UNIVERSIDADE DE SÃO PAULO,Jornalismo,23.0,1905.0,7.0,1.0,Sim,https://www.facebook.com/jornalismojunior/,22,7.8,20,4.0,9.5,63.3,69.3,True,True,False,jornalismo
50,Foca.Jr,MG,Belo Horizonte,49.746.471/0001-32,,,FEJEMG,PONTIFÍCIA UNIVERSIDADE CATÓLICA DE MINAS GERAIS,"Comunicação Social - Cinema E Audiovisual, Comunicação Social - Publicidade E Propaganda, Jornalismo, Relações Públicas",28.0,15609.3,9.0,2.0,Sim,,30,9.8,4,5.5,14.0,63.3,69.3,True,True,False,comunicação; jornalismo; publicidade; propaganda; relações públicas; audiovisual
51,Cacto Comunicação,PR,Curitiba,30.033.467/0001-07,cactocomunicacao@cactocomunicacao.org.br,https://www.cactocomunicacao.org.br/,FEJEPAR,UNIVERSIDADE TECNOLÓGICA FEDERAL DO PARANÁ,Comunicação Organizacional,18.0,7415.32,6.0,1.0,Sim,https://www.facebook.com/cactocomunicacao/,22,7.1,20,3.4,9.5,62.0,68.0,True,True,False,comunicação
52,Elabora Conteúdo Criativo,PB,João Pessoa,23.749.451/0001-21,presidencia@elaboraej.com.br,http://www.elaboraej.com.br,PB júnior,UNIVERSIDADE FEDERAL DA PARAÍBA,Comunicação Em Mídias Digitais,6.0,1535.0,4.0,1.0,Sim,http://www.facebook.com.br,24,5.3,20,1.4,11.0,61.6,67.6,True,True,False,comunicação; mídias
53,Communicare Jr,MG,Uberlândia,18.670.241/0001-03,communicarejunior@gmail.com,https://www.communicarejr.com,FEJEMG,UNIVERSIDADE FEDERAL DE UBERLÂNDIA,Jornalismo,12.0,23064.0,6.0,1.0,Sim,https://www.facebook.com/communicarejr,22,6.5,20,3.3,9.5,61.3,67.3,True,True,False,jornalismo
54,UCS JR. Consultoria,RS,Caxias do Sul,03.893.852/0001-43,vpgresczeschen@ucs.br,https://www.ucs.br/site/empresa-junior/,FEJERS,UNIVERSIDADE DE CAXIAS DO SUL,"Administração, Análise E Desenvolvimento De Sistemas, Arquitetura E Urbanismo, Artes Visuais, Automação Industrial, Ciência Da Computação, Ciências Biológicas, Ciências Contábeis, Ciências Econômicas, Comércio Internacional, Comunicação Social - Publicidade E Propaganda, Criação Digital, Design, Direito, Educação Física, Engenharia Ambiental, Engenharia Automotiva, Engenharia Civil, Engenharia De Alimentos, Engenharia De Computação, Engenharia De Controle E Automação, Engenharia De Materiais, Engenharia De Produção, Engenharia Elétrica, Engenharia Eletrônica, Engenharia Mecânica, Engenharia Química, Eventos, Farmácia, Física, Fotografia, Gastronomia, Geografia, Gestão Comercial, Gestão Da Produção Industrial, Gestão Da Qualidade, Gestão De Produção Industrial, Gestão De Recursos Humanos, Gestão Do Agronegócio, Gestão Financeira, Gestão Pública, História, Hotelaria, Jogos Digitais, Jornalismo, Letras, Letras - Espanhol, Letras - Inglês, Letras - Libras, Letras - Língua Portuguesa, Logística, Marketing, Matemática, Medicina, Medicina Veterinária, Moda, Música, Nutrição, Odontologia, Pedagogia, Polímeros, Processos Gerenciais, Produção Audiovisual, Programa Especial De Formação Pedagógica, Psicologia, Química, Redes De Computadores, Relações Públicas, Serviço Social, Sistemas De Informação, Sociologia, Tecnologias Digitais, Turismo",23.0,0.0,0.0,0.0,Não,https://pt-br.facebook.com/ejucs/,30,2.9,20,3.1,15,70.9,66.9,True,True,True,comunicação; jornalismo; publicidade; propaganda; relações públicas; audiovisual; marketing; design
55,Ethos Consultoria Jr.,PE,Recife,04.007.248/0001-35,institucional@ethosconsultoriajr.com,,FEJEPE,UNIVERSIDADE FEDERAL DE PERNAMBUCO,"Administração, Pedagogia, Psicologia, Publicidade E Propaganda, Serviço Social, Terapia Ocupacional",28.0,30150.49,9.0,3.0,Não,,24,7.9,12,6.1,9.5,59.5,65.5,True,True,False,publicidade; propaganda
56,Locomotiva Jr.,SP,Bauru,08.084.165/0001-09,locomotivajr@gmail.com,,FEJESP,UNIVERSIDADE ESTADUAL PAULISTA JÚLIO DE MESQUITA FILHO,"Arquitetura E Urbanismo, Artes Visuais, Comunicação: Rádio, Televisão E Internet, Jornalismo",17.0,4000.0,1.0,1.0,Sim,https://www.facebook.com/locomotivajr,24,6.3,15,2.6,11.0,58.8,64.8,True,True,False,comunicação; jornalismo
57,Salto Consultoria,RJ,Rio de Janeiro,26.288.823/0001-58,presidencia@saltoconsultoria.com,https://www.saltoconsultoria.com/,RioJunior,UNIVERSIDADE VEIGA DE ALMEIDA,"Administração, Ciência Da Computação, Ciência Econômica, Ciências Contábeis, Comunicação Social - Publicidade E Propaganda, Design Gráfico, Direito, Engenharia Ambiental, Engenharia Civil, Engenharia De Computação, Engenharia De Petróleo, Engenharia Elétrica, Psicologia, Relações Internacionais",7.0,4980.0,4.0,2.0,Sim,https://pt-br.facebook.com/saltoconsultoria,28,6.4,20,1.6,12.5,68.6,64.6,True,True,True,comunicação; publicidade; propaganda; design
58,RPjr,SP,Bauru,05.147.605/0001-23,presidencia@rpjr.com.br,http://www.rpjr.com.br/,FEJESP,UNIVERSIDADE ESTADUAL PAULISTA JÚLIO DE MESQUITA FILHO,Relações Públicas,18.0,13655.0,9.0,3.0,Não,https://www.facebook.com/rpjrunespbauru/,22,6.5,20,4.1,8.0,60.6,64.6,True,False,False,relações públicas
59,FECAP Jr - Consultoria Empresarial,SP,São Paulo,11.399.703/0001-50,fecapjr@fecap.br,,FEJESP,CENTRO UNIVERSITÁRIO ÁLVARES PENTEADO,"Administração, Ciências Contábeis, Ciências Econômicas, Comunicação Social - Publicidade E Propaganda, Relações Internacionais, Relações Públicas",7.0,1000.0,3.0,1.0,Sim,,28,5.3,12,1.3,11.0,57.6,63.6,True,True,False,comunicação; publicidade; propaganda; relações públicas
60,Líderes Jr.,SP,Bauru,29.953.347/0001-30,lideresjunior.usc@gmail.com,,FEJESP,CENTRO UNIVERSITÁRIO SAGRADO CORAÇÃO,"Administração, Ciências Contábeis, Comunicação Social - Publicidade E Propaganda, Design, Engenharia Civil, Engenharia De Produção, Engenharia Mecânica",1.0,1085.0,1.0,1.0,Sim,,28,4.3,12,0.3,12.5,57.1,63.1,True,True,False,comunicação; publicidade; propaganda; design
61,PUC Consultoria Jr.,MG,Belo Horizonte,65.135.279/0001-66,contato@pucconsultoriajr.com.br,http://www.pucconsultoriajr.com.br/,FEJEMG,PONTIFÍCIA UNIVERSIDADE CATÓLICA DE MINAS GERAIS,"Administração, Banco De Dados, Ciências Biológicas - BH, Ciências Contábeis, Ciências Econômicas, Ciências Sociais, Direito, Engenharia De Produção, Fisioterapia, Fonoaudiologia, Geografia - BH, Gestão Comercial, Gestão De Recursos Humanos, Gestão Financeira, História, Marketing, Relações Internacionais, Serviço Social",36.0,97907.08,12.0,3.0,Não,https://www.facebook.com/PUCConsultoriaJr/?fref=ts,22,10.0,20,9.4,9.5,70.9,62.900000000000006,False,True,True,marketing
62,Carioca Jr,RJ,Rio de Janeiro,51.235.900/0001-59,,https://www.cariocajr.com.br/,RioJunior,CENTRO UNIVERSITÁRIO UNICARIOCA,"Administração, Análise E Desenvolvimento De Sistemas, Biomedicina, Ciência Da Computação, Ciências Contábeis, Comunicação Social - Jornalismo, Comunicação Social - Publicidade E Propaganda, Design, Direito, Engenharia Civil, Engenharia De Computação, Engenharia De Produção, Engenharia Elétrica, Gestão Comercial, Gestão De Recursos Humanos, Gestão Financeira, Jornalismo, Logística, Marketing, Pedagogia, Processos Gerenciais, Publicidade E Propaganda, Redes De Computadores, Serviço Social",16.0,2507.0,5.0,1.0,Sim,https://www.facebook.com/empresacariocajr/,30,6.7,12,2.9,15,66.5,62.5,True,True,True,comunicação; jornalismo; publicidade; propaganda; marketing; design
63,NAPPES - Consultoria Júnior,PB,Campina Grande,05.306.983/0001-02,atendimentonappesconsultoria@gmail.com,,PB júnior,UNIVERSIDADE ESTADUAL DA PARAÍBA,"Administração, Ciências Contábeis, Jornalismo, Serviço Social",26.0,4053.98,8.0,1.0,Não,https://www.facebook.com/nappesconsultoria/,22,5.3,15,4.6,9.5,56.4,62.4,True,True,False,jornalismo
64,Legacy PUCRS Empresa Júnior,RS,Porto Alegre,38.134.220/0001-80,legacypucrsjunior@gmail.com,,FEJERS,PONTIFÍCIA UNIVERSIDADE CATÓLICA DO RIO GRANDE DO SUL,"Arquitetura E Urbanismo, Biomedicina, Ciência Da Computação, Ciência E Inovação Em Alimentos, Ciências Aeronáuticas, Ciências Biológicas, Ciências Contábeis, Ciências Econômicas, Direito, Educação Física, Enfermagem, Engenharia Civil, Engenharia De Computação, Engenharia De Controle E Automação, Engenharia De Produção, Engenharia De Software, Engenharia Elétrica, Engenharia Mecânica, Engenharia Química, Escrita Criativa, Farmácia, Filosofia, Física, Fisioterapia, Gastronomia, Geografia, História, Jornalismo, Letras - Língua Inglesa, Letras - Língua Portuguesa E Respectivas Literaturas, Matemática, Medicina, Nutrição, Odontologia, Pedagogia, Produção Audiovisual, Psicologia, Publicidade E Propaganda, Química, Relações Internacionais, Serviço Social, Sistemas De Informação, Teologia",31.0,3170.0,7.0,1.0,Sim,,28,8.8,12,5.0,12.5,66.3,62.3,True,True,True,jornalismo; publicidade; propaganda; audiovisual
65,Facic Junior Unoeste,SP,Presidente Prudente,03.329.528/0001-05,facic.jr@gmail.com,http://www.unoeste.br/facic/,FEJESP,UNIVERSIDADE DO OESTE PAULISTA,"Administração, Ciências Contábeis, Gestão Comercial, Gestão De Recursos Humanos, Marketing",9.0,4485.0,6.0,1.0,Sim,https://www.facebook.com/facicjr/?ref=br_rs,22,5.9,20,2.1,9.5,59.5,61.5,False,True,False,marketing
66,Líder Engenharia Jr,PE,Recife,48.640.891/0001-77,,https://www.liderengenhariajr.com,FEJEPE,UNIVERSIDADE FEDERAL DE PERNAMBUCO,"Abi - Engenharia, Administração, Arqueologia, Arquitetura E Urbanismo, Artes Visuais, Biblioteconomia, Biomedicina, Ciência Da Computação, Ciência Política, Ciências Atuariais, Ciências Biológicas, Ciências Biológicas - Ênfase Em Ciências Ambientais, Ciências Contábeis, Ciências Econômicas, Ciências Sociais, Cinema E Audiovisual, Dança, Design, Direito, Educação Física, Enfermagem, Engenharia Biomédica, Engenharia Cartográfica E De Agrimensura, Engenharia Civil, Engenharia Da Computação, Engenharia De Alimentos, Engenharia De Controle E Automação, Engenharia De Energia, Engenharia De Materiais, Engenharia De Minas, Engenharia De Produção, Engenharia De Telecomunicações, Engenharia Elétrica, Engenharia Eletrônica, Engenharia Mecânica, Engenharia Naval, Engenharia Química, Estatística, Expressão Gráfica, Farmácia, Filosofia, Física, Fisioterapia, Fonoaudiologia, Geografia, Geologia, Gestão Da Informação, História, Hotelaria, Jornalismo, Letras, Letras - Espanhol, Letras - Francês, Letras - Inglês, Letras - Libras, Letras - Português, Matemática, Medicina, Museologia, Música, Música - Canto, Música - Instrumento, Nutrição, Oceanografia, Odontologia, Pedagogia, Psicologia, Publicidade E Propaganda, Química, Química Industrial, Rádio, Tv E Internet, Saúde Coletiva, Secretariado Executivo, Serviço Social, Sistemas De Informação, Teatro, Terapia Ocupacional, Turismo",9.0,12483.7,9.0,1.0,Sim,https://web.facebook.com/profile.php?id=100088242787526,30,6.4,12,2.8,14.0,65.2,61.2,True,True,True,jornalismo; publicidade; propaganda; audiovisual; design
67,RELAB Jr. Consultoria,RS,Porto Alegre,47.726.115/0001-21,,,FEJERS,UNIVERSIDADE DO VALE DO RIO DOS SINOS,"Administração, Análise E Desenvolvimento De Sistemas, Arquitetura E Urbanismo, Biomedicina, Ciência Da Computação, Ciências Biológicas, Ciências Contábeis, Ciências Econômicas, Ciências Sociais, Comércio Exterior, Comunicação Digital, Design, Design De Produto, Direito, Educação Física, Enfermagem, Engenharia Agronômica, Engenharia Ambiental, Engenharia Biomédica, Engenharia Cartográfica E De Agrimensura, Engenharia Civil, Engenharia Da Computação, Engenharia De Alimentos, Engenharia De Controle E Automação, Engenharia De Energia, Engenharia De Materiais, Engenharia De Produção, Engenharia Elétrica, Engenharia Eletrônica, Engenharia Mecânica, Engenharia Química, Farmácia, Filosofia, Física, Física Médica, Fisioterapia, Fotografia, Gastronomia, Geologia, Gestão Ambiental, Gestão Comercial, Gestão Da Produção Industrial, Gestão Da Tecnologia Da Informação, Gestão Financeira, História, Interdisciplinar Em Humanidades, Artes E Tecnologia, Jornalismo, Letras - Inglês, Letras - Português, Letras - Português E Alemão, Letras - Português E Espanhol, Letras Português E Inglês, Logística, Marketing, Matemática, Medicina, Moda, Nutrição, Pedagogia, Processos Gerenciais, Relações Internacionais, Segurança Da Informação, Serviço Social, Sistemas De Informação, Sistemas Para Internet",28.0,35152.72,11.0,1.0,Sim,https://www.facebook.com/relabjrconsultoria,28,9.2,7,6.5,14.0,64.7,60.7,True,True,True,comunicação; jornalismo; marketing; design
68,Uipi - Empresa Júnior de Design e Animação da UFSC,SC,Florianópolis,11.208.631/0001-17,contato@uipi.design,https://uipi.ufsc.br/,FEJESC,UNIVERSIDADE FEDERAL DE SANTA CATARINA,"Administração, Animação, Cinema, Design, Design De Produto, Psicologia",18.0,10305.5,3.0,1.0,Não,https://www.facebook.com/uipidesign/,22,3.7,20,3.2,9.5,58.4,60.4,False,True,False,design
69,Canindé Design,GO,Goiânia,31.896.034/0001-30,executiva@canindesign.com,,Goiás Júnior,UNIVERSIDADE FEDERAL DE GOIÁS,"Design De Ambientes, Design Gráfico",17.0,13052.25,11.0,1.0,Sim,https://www.facebook.com/canindesign,22,7.6,15,4.2,9.5,58.3,60.3,False,True,False,design
70,Focus Júnior Assessoria,BA,Ilhéus,34.971.053/0001-71,focusjrassessoria@gmail.com,,UNIJr-BA,UNIVERSIDADE ESTADUAL DE SANTA CRUZ,"Comunicação Social - Rádio, Tv E Internet",9.0,1044.0,3.0,1.0,Sim,https://www.facebook.com/focusjrassessoria,22,5.5,15,1.6,9.5,53.6,59.6,True,True,False,comunicação
71,Imprensatriz,MA,Imperatriz,47.294.786/0001-60,,http://imprensatriz.ufma.br/,Maranhão Júnior,UNIVERSIDADE FEDERAL DO MARANHÃO,"Comunicação Social - Jornalismo, Jornalismo",8.0,4900.0,1.0,1.0,Sim,https://www.facebook.com/Imprensatriz/?locale=pt_BR,24,5.2,12,1.4,11.0,53.6,59.6,True,True,False,comunicação; jornalismo
72,Evolution Soluções Ambientais,RJ,Rio de Janeiro,44.463.877/0001-94,diretoriaej.logistica@gmail.com,https://consultoriaevolution.wixsite.com/ejevolution,RioJunior,UNIVERSIDADE VEIGA DE ALMEIDA,"Administração, Ciências Contábeis, Comunicação Social - Publicidade E Propaganda, Direito, Engenharia Ambiental, Engenharia Civil, Engenharia De Computação, Engenharia De Petróleo, Engenharia De Produção, Engenharia Elétrica, Engenharia Mecânica, Geografia, Jornalismo, Psicologia",3.0,1673.12,4.0,1.0,Sim,,28,4.9,17,1.0,12.5,63.4,59.400000000000006,True,True,True,comunicação; jornalismo; publicidade; propaganda
73,Mutare Empresa Júnior de Relações Públicas,GO,Goiânia,30.610.811/0001-75,mutare.rp@gmail.com,,Goiás Júnior,UNIVERSIDADE FEDERAL DE GOIÁS,Relações Públicas,23.0,6694.6,10.0,1.0,Sim,,22,8.2,12,4.6,8.0,54.8,58.8,True,False,False,relações públicas
74,Júnior Design,PR,Curitiba,03.461.473/0001-84,juniordesignufpr@gmail.com,http://juniordesignufpr.com.br/,FEJEPAR,UNIVERSIDADE FEDERAL DO PARANÁ,"Design De Produto, Design Gráfico",13.0,3201.0,2.0,1.0,Não,https://www.facebook.com/juniordesignufpr/?fref=ts,22,2.9,20,2.1,9.5,56.5,58.5,False,True,False,design
75,EJUVV,ES,Vila Velha,25.354.377/0001-70,comercial@ejuvv.com,http://ejuvv.com,Juniores,UNIVERSIDADE VILA VELHA,"Administração, Arquitetura E Urbanismo, Artes Cênicas, Ciência Da Computação, Ciências Contábeis, Design De Moda, Design De Produto, Direito, Educação Física, Engenharia Civil, Engenharia De Petróleo, Engenharia Elétrica, Engenharia Mecânica, Engenharia Química, Estética E Cosmética, Farmácia, Fisioterapia, Fonoaudiologia, Fotografia, Marketing, Medicina, Medicina Veterinária, Nutrição, Odontologia, Pedagogia, Psicologia, Relações Internacionais, Sistemas De Informação",11.0,56999.44,7.0,3.0,Não,https://www.facebook.com/EJUVVConsultoria/,24,5.8,20,4.6,11.0,65.4,57.400000000000006,False,True,True,marketing; design
76,Interage Jr - Empresa Júnior de Psicologia,SP,Bauru,09.009.565/0001-04,einterage@gmail.com,,FEJESP,UNIVERSIDADE ESTADUAL PAULISTA JÚLIO DE MESQUITA FILHO,"Psicologia, Relações Públicas",21.0,16765.0,4.0,1.0,Não,https://www.facebook.com/interage.empresajunior/?fref=ts,22,4.3,15,4.0,8.0,53.3,57.3,True,False,False,relações públicas
77,IME Jr,SP,São Paulo,26.531.013/0001-80,contato@imejr.com,https://imejr.com,FEJESP,UNIVERSIDADE DE SÃO PAULO,"Ciência Da Computação, Design, Estatística, Matemática, Matemática Aplicada Com Habilitação Em Ciências Biológicas, Matemática Aplicada Com Habilitação Em Controle E Automação, Matemática Aplicada Com Habilitação Em Métodos Matemáticos, Matemática Aplicada Com Habilitação Em Sistemas E Controle, Matemática Aplicada E Computacional Com Habilitação Em Atuária, Matemática Aplicada E Computacional Com Habilitação Em Ciências Biológicas, Matemática Aplicada E Computacional Com Habilitação Em Comunicação Científica, Matemática Aplicada E Computacional Com Habilitação Em Estatística Econômica, Matemática Aplicada E Computacional Com Habilitação Em Fisiologia E Biofísica, Matemática Aplicada E Computacional Com Habilitação Em Mecatrônica E Sistemas Mecânicos, Matemática Aplicada E Computacional Com Habilitação Em Métodos Matemáticos, Matemática Aplicada E Computacional Com Habilitação Em Saúde Animal, Matemática Aplicada E Computacional Com Habilitação Em Saúde Pública, Matemática Aplicada E Computacional Com Habilitação Em Sistemas E Controle",9.0,0.0,0.0,3.0,Não,https://www.facebook.com/IMEJuniorUSP/,24,4.1,20,1.2,11.0,60.3,56.3,True,True,True,comunicação; design
78,Uni-FACEF Júnior,SP,Franca,23.625.900/0001-20,consultoria@unifacefjr.com,https://unifacefjr.com.br/,FEJESP,CENTRO UNIVERSITÁRIO MUNICIPAL DE FRANCA,"Administração, Ciências Contábeis, Ciências Da Computação, Ciências Econômicas, Engenharia Civil, Engenharia De Produção, Engenharia De Software, Letras - Inglês, Letras - Língua Portuguesa, Matemática, Psicologia, Publicidade E Propaganda, Sistemas De Informação",10.0,2531.93,4.0,3.0,Não,https://www.facebook.com/unifacefjunior/,24,4.8,20,1.9,9.5,60.2,56.2,True,True,True,publicidade; propaganda
79,Ginga Design Empresa Júnior,PE,Caruaru,53.004.091/0001-08,,,FEJEPE,UNIVERSIDADE FEDERAL DE PERNAMBUCO,"Comunicação Social, Design",20.0,4830.0,7.0,1.0,Sim,,24,7.4,4,3.7,11.0,50.2,56.2,True,True,False,comunicação; design
80,PRODCOM,SC,Joinville,48.928.176/0001-34,contato@prodcom.com,https://prodcom.com.br/,FEJESC,CENTRO UNIVERSITÁRIO SOCIESC,"Administração, Ciências Contábeis, Gestão De Recursos Humanos, Marketing",1.0,1254.0,3.0,1.0,Sim,,22,4.5,17,0.6,9.5,53.6,55.6,False,True,False,marketing
81,Container Digital Júnior,CE,Fortaleza,21.830.573/0001-12,containerdigitaljr@gmail.com,http://www.codijr.ufc.br/,FEJECE,UNIVERSIDADE FEDERAL DO CEARÁ,Sistemas E Mídias Digitais,5.0,800.0,1.0,1.0,Não,https://www.facebook.com/codijr,22,1.8,20,0.8,9.5,54.1,54.1,False,False,False,mídias
82,Ideia Jr,MG,Belo Horizonte,49.075.282/0001-85,,https://ideiajr.com.br,FEJEMG,UNIVERSIDADE DO ESTADO DE MINAS GERAIS,"Artes Visuais, Design De Ambientes, Design De Produto, Design Gráfico, Moda E Design",15.0,7364.75,10.0,1.0,Sim,,22,7.2,9,3.5,9.5,51.2,53.2,False,True,False,design
83,Octopus - Soluções em Gestão e Negócios,PB,João Pessoa,48.979.963/0001-05,,,PB júnior,FACULDADE INTERNACIONAL DA PARAÍBA,"Administração, Análise E Desenvolvimento De Sistemas, Ciências Contábeis, Ciências Da Computação, Comunicação Social - Publicidade E Propaganda, Design Gráfico, Gestão Comercial, Gestão Da Tecnologia Da Informação, Gestão De Recursos Humanos, Gestão Financeira, Gestão Pública, Jornalismo, Logística, Marketing, Psicologia",11.0,2400.0,2.0,1.0,Sim,,30,5.6,4,1.8,15,56.5,52.5,True,True,True,comunicação; jornalismo; publicidade; propaganda; marketing; design
84,Faro Comunicação,MA,São Luís,51.772.296/0001-08,,,Maranhão Júnior,UNIVERSIDADE CEUMA,"Comunicação Social - Publicidade E Propaganda, Jornalismo",4.0,4445.47,1.0,0.0,Não,,28,0.7,4,0.8,12.5,46.0,52.0,True,True,False,comunicação; jornalismo; publicidade; propaganda
85,AMPLA - Consultoria Júnior,TO,Palmas,28.785.829/0001-66,amplaconsultoriajr@gmail.com,,Tocantins Júnior,FUNDAÇÃO UNIVERSIDADE FEDERAL DO TOCANTINS,"Administração, Arquitetura E Urbanismo, Ciência Da Computação, Ciências Econômicas, Direito, Enfermagem, Engenharia Ambiental, Engenharia Civil, Engenharia De Alimentos, Engenharia Elétrica, Filosofia, Jornalismo, Medicina, Nutrição, Pedagogia",28.0,2214.0,3.0,1.0,Não,https://www.facebook.com/amplaconsultoriajr/,22,4.9,15,4.2,9.5,55.6,51.6,True,True,True,jornalismo
86,PROSPECT JR EMPRESA JUNIOR DE PROJETOS E CONSULTORIA EMPRESARIAL,SP,Ribeirão Preto,42.447.447/0001-53,contato@prospectjr.com.br,https://www.prospectjr.com.br/,FEJESP,CENTRO UNIVERSITÁRIO MOURA LACERDA,"Administração, Ciência Econômica, Ciências Contábeis, Comunicação Social - Publicidade E Propaganda, Direito, Gestão Comercial, Gestão Da Tecnologia Da Informação, Gestão De Recursos Humanos, Gestão Financeira, Logística, Relações Internacionais",2.0,0.0,0.0,1.0,Não,,26,1.2,17,0.3,11.0,55.5,51.5,True,True,True,comunicação; publicidade; propaganda
87,Sagaz Jr,TO,Palmas,56.926.385/0001-77,,https://sagazjunior.wordpress.com/,Tocantins Júnior,FUNDAÇÃO UNIVERSIDADE FEDERAL DO TOCANTINS,Jornalismo,7.0,2150.0,3.0,1.0,Não,,22,2.3,9,1.4,9.5,44.2,50.2,True,True,False,jornalismo
88,Argo Consultoria Jurídica,SC,Florianópolis,35.747.113/0001-30,argoconsultoriajuridica@gmail.com,https://www.argoconsultoriajuridica.com.br/,FEJESC,FACULDADE CESUSC,"Administração, Análise E Desenvolvimento De Sistemas, Arquitetura E Urbanismo, Design De Interiores, Direito, Gestão Comercial, Gestão De Recursos Humanos, Marketing, Produção Multimídia, Psicologia",9.0,18370.0,7.0,1.0,Não,,24,3.2,17,2.8,11.0,58.0,50.0,False,True,True,marketing; design
89,Crescer Empresa Jr,RS,Lajeado,46.438.882/0001-72,,,FEJERS,UNIVERSIDADE DO VALE DO TAQUARI,"Administração, Ciências Biológicas, Ciências Contábeis, Comércio Exterior, Design, Design De Moda, Direito, Educação Física, Fotografia, Gestão De Cooperativas, Gestão De Micro E Pequenas Empresas, Gestão De Recursos Humanos, Gestão Financeira, História, Jornalismo, Letras, Logística, Marketing, Pedagogia, Processos Gerenciais, Relações Internacionais",15.0,1000.0,1.0,1.0,Sim,https://www.facebook.com/Crescer-Empresa-Jr-Univates-102694165719438/,26,6.0,7,2.2,12.5,53.7,49.7,True,True,True,jornalismo; marketing; design
90,EJ7 Consultoria,CE,Fortaleza,40.038.893/0001-89,ej7consultoria@gmail.com,,FEJECE,UNIVERSIDADE DE FORTALEZA,"Administração, Ciências Contábeis, Ciências Econômicas, Marketing, Psicologia",9.0,150.0,1.0,1.0,Não,,22,2.3,12,1.3,9.5,47.1,49.1,False,True,False,marketing
91,Prospecta Júnior,,,04.505.919/0001-98,,,FEJESP,CENTRO UNIVERSITÁRIO BARÃO DE MAUÁ,"Administração, Gestão De Recursos Humanos, Gestão Financeira, Marketing",21.0,1050.0,4.0,1.0,Sim,,22,7.1,4,3.3,9.5,46.0,48.0,False,True,False,marketing
92,UNIJUNIOR,,,03.658.422/0001-47,,,FEJEMS,CENTRO UNIVERSITÁRIO DA GRANDE DOURADOS,"Administração, Agronegócio, Agronomia, Análise E Desenvolvimento De Sistemas, Arquitetura E Urbanismo, Artes Visuais, Biomedicina, Ciências Biológicas, Ciências Contábeis, Ciências Econômicas, Comércio Exterior, Design De Interiores, Direito, Educação Física, Enfermagem, Engenharia Ambiental E Sanitária, Engenharia Civil, Engenharia De Produção, Engenharia De Software, Engenharia Mecânica, Estética E Cosmética, Farmácia, Filosofia, Fisioterapia, Formação Pedagógica Para Portadores De Ensino Superior, Gastronomia, Geografia, Gestão Comercial, Gestão De Recursos Humanos, Gestão De Turismo, Gestão Pública, História, Letras - Língua Portuguesa, Letras - Português E Inglês, Logística, Marketing, Matemática, Medicina Veterinária, Negócios Imobiliários, Nutrição, Odontologia, Pedagogia, Produção Agrícola, Produção Publicitária, Psicologia, Radiologia, Segunda Licenciatura Em Pedagogia, Serviços Jurídicos, Serviço Social, Teologia",5.0,696.0,2.0,1.0,Não,,24,1.9,4,0.9,11.0,41.8,33.8,False,True,True,marketing; design
93,Empresa Junior UNIFIA,,,54.948.420/0001-23,,,FEJESP,CENTRO UNIVERSITÁRIO AMPARENSE,"Administração, Análise E Desenvolvimento De Sistemas, Biomedicina, Ciências Biológicas, Ciências Contábeis, Direito, Educação Física, Enfermagem, Engenharia Civil, Estética E Cosmética, Gestão Da Produção Industrial, Gestão Da Qualidade, Gestão De Recursos Humanos, Logística, Marketing, Mecatrônica Industrial, Nutrição, Pedagogia, Psicologia, Química",1.0,0.0,0.0,0.0,Não,,22,0.1,4,0.1,9.5,35.8,27.799999999999997,False,True,True,marketing
