ordem,lote,lead,camada,ICP,cidade/UF,CNPJ,contato,site,federação,fonte,evidência,aderência,demanda,acessibilidade,capacidade,encaixe,score,classe,oferta sugerida,primeira mensagem,próximo passo,risco/pendência,pp_leads_company,pp_leads_enrich,link_email_pronto,link_whatsapp_pronto,pp_company_goat,pp_contact_goat,pp_scrape_creators
1,"Lote 1, validação do ICP",Facto Agência de Comunicação,"Meio, EJs e startups","ICP 2.3, EJs de Comunicação com Sobrecarga Criativa e Relacional",Brasília/DF,11.370.755/0001-02,contato@factoagencia.com.br,https://www.factoagencia.com.br/,Concentro,Relatório Portal BJ EJs 2025 0101.xlsx,"29 membros, 39 contratos, R$ 204.048,00 de faturamento, cluster 4, cursos: Comunicação Social - Audiovisual, Comunicação Social - Comunicação Organizacional, Comunicação Social - Publicidade E Propaganda, Jornalismo",30,17.5,20,14.7,14.0,96.3,A - abordar agora,"Oficina de briefing, feedback e debriefing para squads criativos","Oi, pessoal da Facto Agência de Comunicação. Sou Lucas, da OrganizeJr, EJ de Psicologia Organizacional da UNEB. Estou validando um recorte nacional de EJs de comunicação para entender como times criativos lidam com rotina, feedback, aprovação, onboarding e limites com clientes. Vi no Portal BJ 2025 que vocês têm 29 membros e 39 contratos, então parecem um bom caso para essa conversa. Topariam 20 minutos para trocar sobre essas dores e avaliar se faz sentido um diagnóstico ou oficina da OrganizeJr?","1) rodar pp-leads company; 2) se houver dados úteis, rodar enrich; 3) registrar no Ploomes; 4) abordar por e-mail institucional; 5) usar Instagram/LinkedIn se e-mail ausente ou sem resposta.",Dor ainda é hipótese. Validar sobrecarga criativa/relacional antes de vender solução.,"leads-brasil-pp-cli company ""11.370.755/0001-02"" --agent --select name,cnpj,status,address,contacts --deliver file:.context/organizejr/enrichment/11370755000102-company.json","leads-brasil-pp-cli enrich ""11.370.755/0001-02"" --agent --deliver file:.context/organizejr/enrichment/11370755000102-enrich.json",mailto:contato@factoagencia.com.br?subject=Troca+r%C3%A1pida+sobre+rotina+de+times+criativos+em+EJs+de+comunica%C3%A7%C3%A3o&body=Oi%2C+pessoal+da+Facto+Ag%C3%AAncia+de+Comunica%C3%A7%C3%A3o.+Sou+Lucas%2C+da+OrganizeJr%2C+EJ+de+Psicologia+Organizacional+da+UNEB.+Estou+validando+um+recorte+nacional+de+EJs+de+comunica%C3%A7%C3%A3o+para+entender+como+times+criativos+lidam+com+rotina%2C+feedback%2C+aprova%C3%A7%C3%A3o%2C+onboarding+e+limites+com+clientes.+Vi+no+Portal+BJ+2025+que+voc%C3%AAs+t%C3%AAm+29+membros+e+39+contratos%2C+ent%C3%A3o+parecem+um+bom+caso+para+essa+conversa.+Topariam+20+minutos+para+trocar+sobre+essas+dores+e+avaliar+se+faz+sentido+um+diagn%C3%B3stico+ou+oficina+da+OrganizeJr%3F,,"leads-brasil-pp-cli company-goat ""11.370.755/0001-02"" --agent --deliver file:.context/organizejr/enrichment/11370755000102-company-goat.json","leads-brasil-pp-cli contact-goat ""Facto Agência de Comunicação"" --agent --deliver file:.context/organizejr/enrichment/11370755000102-contact-goat.json",scrape-creators-pp-cli linkedin list-company --url https://www.linkedin.com/company/ --agent --deliver file:.context/organizejr/enrichment/11370755000102-scrape.json
2,"Lote 1, validação do ICP",Acesso Comunicação Júnior,"Meio, EJs e startups","ICP 2.3, EJs de Comunicação com Sobrecarga Criativa e Relacional",Juiz de Fora/MG,04.229.669/0001-00,presidencia@acessojr.com,"https://www.google.com.br/maps/place/Acesso+Comunica%C3%A7%C3%A3o+Jr./@-21.7752658,-43.3688957,17z/data=!3m1!4b1!4m5!3m4!1s0x989b7517ddaf81:0x4e611749257d1a62!8m2!3d-21.7752708!4d-43.366707",FEJEMG,Relatório Portal BJ EJs 2025 0101.xlsx,"32 membros, 31 contratos, R$ 68.255,05 de faturamento, cluster 3, cursos: Jornalismo, Rádio, Tv E Internet",24,11.6,20,10.6,11.0,77.2,A - abordar agora,Diagnóstico de clima criativo + rotina de aprovação e limites com clientes,"Oi, pessoal da Acesso Comunicação Júnior. Sou Lucas, da OrganizeJr, EJ de Psicologia Organizacional da UNEB. Estou validando um recorte nacional de EJs de comunicação para entender como times criativos lidam com rotina, feedback, aprovação, onboarding e limites com clientes. Vi no Portal BJ 2025 que vocês têm 32 membros e 31 contratos, então parecem um bom caso para essa conversa. Topariam 20 minutos para trocar sobre essas dores e avaliar se faz sentido um diagnóstico ou oficina da OrganizeJr?","1) rodar pp-leads company; 2) se houver dados úteis, rodar enrich; 3) registrar no Ploomes; 4) abordar por e-mail institucional; 5) usar Instagram/LinkedIn se e-mail ausente ou sem resposta.",Dor ainda é hipótese. Validar sobrecarga criativa/relacional antes de vender solução.,"leads-brasil-pp-cli company ""04.229.669/0001-00"" --agent --select name,cnpj,status,address,contacts --deliver file:.context/organizejr/enrichment/04229669000100-company.json","leads-brasil-pp-cli enrich ""04.229.669/0001-00"" --agent --deliver file:.context/organizejr/enrichment/04229669000100-enrich.json",mailto:presidencia@acessojr.com?subject=Troca+r%C3%A1pida+sobre+rotina+de+times+criativos+em+EJs+de+comunica%C3%A7%C3%A3o&body=Oi%2C+pessoal+da+Acesso+Comunica%C3%A7%C3%A3o+J%C3%BAnior.+Sou+Lucas%2C+da+OrganizeJr%2C+EJ+de+Psicologia+Organizacional+da+UNEB.+Estou+validando+um+recorte+nacional+de+EJs+de+comunica%C3%A7%C3%A3o+para+entender+como+times+criativos+lidam+com+rotina%2C+feedback%2C+aprova%C3%A7%C3%A3o%2C+onboarding+e+limites+com+clientes.+Vi+no+Portal+BJ+2025+que+voc%C3%AAs+t%C3%AAm+32+membros+e+31+contratos%2C+ent%C3%A3o+parecem+um+bom+caso+para+essa+conversa.+Topariam+20+minutos+para+trocar+sobre+essas+dores+e+avaliar+se+faz+sentido+um+diagn%C3%B3stico+ou+oficina+da+OrganizeJr%3F,,"leads-brasil-pp-cli company-goat ""04.229.669/0001-00"" --agent --deliver file:.context/organizejr/enrichment/04229669000100-company-goat.json","leads-brasil-pp-cli contact-goat ""Acesso Comunicação Júnior"" --agent --deliver file:.context/organizejr/enrichment/04229669000100-contact-goat.json",scrape-creators-pp-cli linkedin list-company --url https://www.linkedin.com/company/ --agent --deliver file:.context/organizejr/enrichment/04229669000100-scrape.json
3,"Lote 1, validação do ICP",Cria UFMG,"Meio, EJs e startups","ICP 2.3, EJs de Comunicação com Sobrecarga Criativa e Relacional",Belo Horizonte/MG,03.401.931/0001-90,presidencia@criaufmg.com.br,http://criaufmg.com.br/,FEJEMG,Relatório Portal BJ EJs 2025 0101.xlsx,"46 membros, 33 contratos, R$ 129.677,00 de faturamento, cluster 3, cursos: Jornalismo, Publicidade E Propaganda, Relações Públicas",28,13.4,20,13.3,11.0,85.7,A - abordar agora,Diagnóstico de clima criativo + rotina de aprovação e limites com clientes,"Oi, pessoal da Cria UFMG. Sou Lucas, da OrganizeJr, EJ de Psicologia Organizacional da UNEB. Estou validando um recorte nacional de EJs de comunicação para entender como times criativos lidam com rotina, feedback, aprovação, onboarding e limites com clientes. Vi no Portal BJ 2025 que vocês têm 46 membros e 33 contratos, então parecem um bom caso para essa conversa. Topariam 20 minutos para trocar sobre essas dores e avaliar se faz sentido um diagnóstico ou oficina da OrganizeJr?","1) rodar pp-leads company; 2) se houver dados úteis, rodar enrich; 3) registrar no Ploomes; 4) abordar por e-mail institucional; 5) usar Instagram/LinkedIn se e-mail ausente ou sem resposta.",Dor ainda é hipótese. Validar sobrecarga criativa/relacional antes de vender solução.,"leads-brasil-pp-cli company ""03.401.931/0001-90"" --agent --select name,cnpj,status,address,contacts --deliver file:.context/organizejr/enrichment/03401931000190-company.json","leads-brasil-pp-cli enrich ""03.401.931/0001-90"" --agent --deliver file:.context/organizejr/enrichment/03401931000190-enrich.json",mailto:presidencia@criaufmg.com.br?subject=Troca+r%C3%A1pida+sobre+rotina+de+times+criativos+em+EJs+de+comunica%C3%A7%C3%A3o&body=Oi%2C+pessoal+da+Cria+UFMG.+Sou+Lucas%2C+da+OrganizeJr%2C+EJ+de+Psicologia+Organizacional+da+UNEB.+Estou+validando+um+recorte+nacional+de+EJs+de+comunica%C3%A7%C3%A3o+para+entender+como+times+criativos+lidam+com+rotina%2C+feedback%2C+aprova%C3%A7%C3%A3o%2C+onboarding+e+limites+com+clientes.+Vi+no+Portal+BJ+2025+que+voc%C3%AAs+t%C3%AAm+46+membros+e+33+contratos%2C+ent%C3%A3o+parecem+um+bom+caso+para+essa+conversa.+Topariam+20+minutos+para+trocar+sobre+essas+dores+e+avaliar+se+faz+sentido+um+diagn%C3%B3stico+ou+oficina+da+OrganizeJr%3F,,"leads-brasil-pp-cli company-goat ""03.401.931/0001-90"" --agent --deliver file:.context/organizejr/enrichment/03401931000190-company-goat.json","leads-brasil-pp-cli contact-goat ""Cria UFMG"" --agent --deliver file:.context/organizejr/enrichment/03401931000190-contact-goat.json",scrape-creators-pp-cli linkedin list-company --url https://www.linkedin.com/company/ --agent --deliver file:.context/organizejr/enrichment/03401931000190-scrape.json
4,"Lote 1, validação do ICP",Pupila Audiovisual,"Meio, EJs e startups","ICP 2.3, EJs de Comunicação com Sobrecarga Criativa e Relacional",Brasília/DF,12.556.073/0001-43,contato@pupilaaudiovisual.com.br,https://www.pupilaaudiovisual.com.br/,Concentro,Relatório Portal BJ EJs 2025 0101.xlsx,"45 membros, 16 contratos, R$ 19.020,00 de faturamento, cluster 1, cursos: Comunicação Social - Audiovisual, Comunicação Social - Comunicação Organizacional, Comunicação Social - Publicidade E Propaganda, Jornalismo",30,11.2,20,6.8,14.0,82.0,A - abordar agora,"Oficina de briefing, feedback e debriefing para squads criativos","Oi, pessoal da Pupila Audiovisual. Sou Lucas, da OrganizeJr, EJ de Psicologia Organizacional da UNEB. Estou validando um recorte nacional de EJs de comunicação para entender como times criativos lidam com rotina, feedback, aprovação, onboarding e limites com clientes. Vi no Portal BJ 2025 que vocês têm 45 membros e 16 contratos, então parecem um bom caso para essa conversa. Topariam 20 minutos para trocar sobre essas dores e avaliar se faz sentido um diagnóstico ou oficina da OrganizeJr?","1) rodar pp-leads company; 2) se houver dados úteis, rodar enrich; 3) registrar no Ploomes; 4) abordar por e-mail institucional; 5) usar Instagram/LinkedIn se e-mail ausente ou sem resposta.",Dor ainda é hipótese. Validar sobrecarga criativa/relacional antes de vender solução.,"leads-brasil-pp-cli company ""12.556.073/0001-43"" --agent --select name,cnpj,status,address,contacts --deliver file:.context/organizejr/enrichment/12556073000143-company.json","leads-brasil-pp-cli enrich ""12.556.073/0001-43"" --agent --deliver file:.context/organizejr/enrichment/12556073000143-enrich.json",mailto:contato@pupilaaudiovisual.com.br?subject=Troca+r%C3%A1pida+sobre+rotina+de+times+criativos+em+EJs+de+comunica%C3%A7%C3%A3o&body=Oi%2C+pessoal+da+Pupila+Audiovisual.+Sou+Lucas%2C+da+OrganizeJr%2C+EJ+de+Psicologia+Organizacional+da+UNEB.+Estou+validando+um+recorte+nacional+de+EJs+de+comunica%C3%A7%C3%A3o+para+entender+como+times+criativos+lidam+com+rotina%2C+feedback%2C+aprova%C3%A7%C3%A3o%2C+onboarding+e+limites+com+clientes.+Vi+no+Portal+BJ+2025+que+voc%C3%AAs+t%C3%AAm+45+membros+e+16+contratos%2C+ent%C3%A3o+parecem+um+bom+caso+para+essa+conversa.+Topariam+20+minutos+para+trocar+sobre+essas+dores+e+avaliar+se+faz+sentido+um+diagn%C3%B3stico+ou+oficina+da+OrganizeJr%3F,,"leads-brasil-pp-cli company-goat ""12.556.073/0001-43"" --agent --deliver file:.context/organizejr/enrichment/12556073000143-company-goat.json","leads-brasil-pp-cli contact-goat ""Pupila Audiovisual"" --agent --deliver file:.context/organizejr/enrichment/12556073000143-contact-goat.json",scrape-creators-pp-cli linkedin list-company --url https://www.linkedin.com/company/ --agent --deliver file:.context/organizejr/enrichment/12556073000143-scrape.json
5,"Lote 1, validação do ICP",Produtora Júnior,"Meio, EJs e startups","ICP 2.3, EJs de Comunicação com Sobrecarga Criativa e Relacional",Salvador/BA,08.106.974/0001-66,comercial@produtorajunior.com.br,http://produtorajunior.com.br/,UNIJr-BA,Relatório Portal BJ EJs 2025 0101.xlsx,"29 membros, 30 contratos, R$ 128.938,74 de faturamento, cluster 4, cursos: Comunicação - Produção Em Comunicação E Cultura, Comunicação Social - Jornalismo, Interdisciplinar Em Artes, Interdisciplinar Em Humanidades",24,12.7,20,12.8,11.0,80.4,A - abordar agora,"Oficina de briefing, feedback e debriefing para squads criativos","Oi, pessoal da Produtora Júnior. Sou Lucas, da OrganizeJr, EJ de Psicologia Organizacional da UNEB. Estou validando um recorte nacional de EJs de comunicação para entender como times criativos lidam com rotina, feedback, aprovação, onboarding e limites com clientes. Vi no Portal BJ 2025 que vocês têm 29 membros e 30 contratos, então parecem um bom caso para essa conversa. Topariam 20 minutos para trocar sobre essas dores e avaliar se faz sentido um diagnóstico ou oficina da OrganizeJr?","1) rodar pp-leads company; 2) se houver dados úteis, rodar enrich; 3) registrar no Ploomes; 4) abordar por e-mail institucional; 5) usar Instagram/LinkedIn se e-mail ausente ou sem resposta.",Dor ainda é hipótese. Validar sobrecarga criativa/relacional antes de vender solução.,"leads-brasil-pp-cli company ""08.106.974/0001-66"" --agent --select name,cnpj,status,address,contacts --deliver file:.context/organizejr/enrichment/08106974000166-company.json","leads-brasil-pp-cli enrich ""08.106.974/0001-66"" --agent --deliver file:.context/organizejr/enrichment/08106974000166-enrich.json",mailto:comercial@produtorajunior.com.br?subject=Troca+r%C3%A1pida+sobre+rotina+de+times+criativos+em+EJs+de+comunica%C3%A7%C3%A3o&body=Oi%2C+pessoal+da+Produtora+J%C3%BAnior.+Sou+Lucas%2C+da+OrganizeJr%2C+EJ+de+Psicologia+Organizacional+da+UNEB.+Estou+validando+um+recorte+nacional+de+EJs+de+comunica%C3%A7%C3%A3o+para+entender+como+times+criativos+lidam+com+rotina%2C+feedback%2C+aprova%C3%A7%C3%A3o%2C+onboarding+e+limites+com+clientes.+Vi+no+Portal+BJ+2025+que+voc%C3%AAs+t%C3%AAm+29+membros+e+30+contratos%2C+ent%C3%A3o+parecem+um+bom+caso+para+essa+conversa.+Topariam+20+minutos+para+trocar+sobre+essas+dores+e+avaliar+se+faz+sentido+um+diagn%C3%B3stico+ou+oficina+da+OrganizeJr%3F,,"leads-brasil-pp-cli company-goat ""08.106.974/0001-66"" --agent --deliver file:.context/organizejr/enrichment/08106974000166-company-goat.json","leads-brasil-pp-cli contact-goat ""Produtora Júnior"" --agent --deliver file:.context/organizejr/enrichment/08106974000166-contact-goat.json",scrape-creators-pp-cli linkedin list-company --url https://www.linkedin.com/company/ --agent --deliver file:.context/organizejr/enrichment/08106974000166-scrape.json
6,"Lote 1, validação do ICP",Iris Comunicação,"Meio, EJs e startups","ICP 2.3, EJs de Comunicação com Sobrecarga Criativa e Relacional",João Pessoa/PB,11.674.747/0001-41,ejiriscomunicacao@gmail.com,https://ejiriscomunicacao.com,PB júnior,Relatório Portal BJ EJs 2025 0101.xlsx,"28 membros, 30 contratos, R$ 41.819,97 de faturamento, cluster 3, cursos: Cinema E Audiovisual, Jornalismo, Radialismo, Relações Públicas",28,10.7,20,9.2,12.5,80.3,A - abordar agora,"Oficina de briefing, feedback e debriefing para squads criativos","Oi, pessoal da Iris Comunicação. Sou Lucas, da OrganizeJr, EJ de Psicologia Organizacional da UNEB. Estou validando um recorte nacional de EJs de comunicação para entender como times criativos lidam com rotina, feedback, aprovação, onboarding e limites com clientes. Vi no Portal BJ 2025 que vocês têm 28 membros e 30 contratos, então parecem um bom caso para essa conversa. Topariam 20 minutos para trocar sobre essas dores e avaliar se faz sentido um diagnóstico ou oficina da OrganizeJr?","1) rodar pp-leads company; 2) se houver dados úteis, rodar enrich; 3) registrar no Ploomes; 4) abordar por e-mail institucional; 5) usar Instagram/LinkedIn se e-mail ausente ou sem resposta.",Dor ainda é hipótese. Validar sobrecarga criativa/relacional antes de vender solução.,"leads-brasil-pp-cli company ""11.674.747/0001-41"" --agent --select name,cnpj,status,address,contacts --deliver file:.context/organizejr/enrichment/11674747000141-company.json","leads-brasil-pp-cli enrich ""11.674.747/0001-41"" --agent --deliver file:.context/organizejr/enrichment/11674747000141-enrich.json",mailto:ejiriscomunicacao@gmail.com?subject=Troca+r%C3%A1pida+sobre+rotina+de+times+criativos+em+EJs+de+comunica%C3%A7%C3%A3o&body=Oi%2C+pessoal+da+Iris+Comunica%C3%A7%C3%A3o.+Sou+Lucas%2C+da+OrganizeJr%2C+EJ+de+Psicologia+Organizacional+da+UNEB.+Estou+validando+um+recorte+nacional+de+EJs+de+comunica%C3%A7%C3%A3o+para+entender+como+times+criativos+lidam+com+rotina%2C+feedback%2C+aprova%C3%A7%C3%A3o%2C+onboarding+e+limites+com+clientes.+Vi+no+Portal+BJ+2025+que+voc%C3%AAs+t%C3%AAm+28+membros+e+30+contratos%2C+ent%C3%A3o+parecem+um+bom+caso+para+essa+conversa.+Topariam+20+minutos+para+trocar+sobre+essas+dores+e+avaliar+se+faz+sentido+um+diagn%C3%B3stico+ou+oficina+da+OrganizeJr%3F,,"leads-brasil-pp-cli company-goat ""11.674.747/0001-41"" --agent --deliver file:.context/organizejr/enrichment/11674747000141-company-goat.json","leads-brasil-pp-cli contact-goat ""Iris Comunicação"" --agent --deliver file:.context/organizejr/enrichment/11674747000141-contact-goat.json",scrape-creators-pp-cli linkedin list-company --url https://www.linkedin.com/company/ --agent --deliver file:.context/organizejr/enrichment/11674747000141-scrape.json
7,"Lote 1, validação do ICP",59mil,"Meio, EJs e startups","ICP 2.3, EJs de Comunicação com Sobrecarga Criativa e Relacional",Natal/RN,28.769.490/0001-04,ej@59mil.com,http://www.59mil.com.br/,RN Júnior,Relatório Portal BJ EJs 2025 0101.xlsx,"42 membros, 21 contratos, R$ 117.760,00 de faturamento, cluster 3, cursos: Comunicação Social - Publicidade E Propaganda",26,11.8,20,11.3,11.0,80.1,A - abordar agora,Diagnóstico de clima criativo + rotina de aprovação e limites com clientes,"Oi, pessoal da 59mil. Sou Lucas, da OrganizeJr, EJ de Psicologia Organizacional da UNEB. Estou validando um recorte nacional de EJs de comunicação para entender como times criativos lidam com rotina, feedback, aprovação, onboarding e limites com clientes. Vi no Portal BJ 2025 que vocês têm 42 membros e 21 contratos, então parecem um bom caso para essa conversa. Topariam 20 minutos para trocar sobre essas dores e avaliar se faz sentido um diagnóstico ou oficina da OrganizeJr?","1) rodar pp-leads company; 2) se houver dados úteis, rodar enrich; 3) registrar no Ploomes; 4) abordar por e-mail institucional; 5) usar Instagram/LinkedIn se e-mail ausente ou sem resposta.",Dor ainda é hipótese. Validar sobrecarga criativa/relacional antes de vender solução.,"leads-brasil-pp-cli company ""28.769.490/0001-04"" --agent --select name,cnpj,status,address,contacts --deliver file:.context/organizejr/enrichment/28769490000104-company.json","leads-brasil-pp-cli enrich ""28.769.490/0001-04"" --agent --deliver file:.context/organizejr/enrichment/28769490000104-enrich.json",mailto:ej@59mil.com?subject=Troca+r%C3%A1pida+sobre+rotina+de+times+criativos+em+EJs+de+comunica%C3%A7%C3%A3o&body=Oi%2C+pessoal+da+59mil.+Sou+Lucas%2C+da+OrganizeJr%2C+EJ+de+Psicologia+Organizacional+da+UNEB.+Estou+validando+um+recorte+nacional+de+EJs+de+comunica%C3%A7%C3%A3o+para+entender+como+times+criativos+lidam+com+rotina%2C+feedback%2C+aprova%C3%A7%C3%A3o%2C+onboarding+e+limites+com+clientes.+Vi+no+Portal+BJ+2025+que+voc%C3%AAs+t%C3%AAm+42+membros+e+21+contratos%2C+ent%C3%A3o+parecem+um+bom+caso+para+essa+conversa.+Topariam+20+minutos+para+trocar+sobre+essas+dores+e+avaliar+se+faz+sentido+um+diagn%C3%B3stico+ou+oficina+da+OrganizeJr%3F,,"leads-brasil-pp-cli company-goat ""28.769.490/0001-04"" --agent --deliver file:.context/organizejr/enrichment/28769490000104-company-goat.json","leads-brasil-pp-cli contact-goat ""59mil"" --agent --deliver file:.context/organizejr/enrichment/28769490000104-contact-goat.json",scrape-creators-pp-cli linkedin list-company --url https://www.linkedin.com/company/ --agent --deliver file:.context/organizejr/enrichment/28769490000104-scrape.json
8,"Lote 1, validação do ICP",Ponto,"Meio, EJs e startups","ICP 2.3, EJs de Comunicação com Sobrecarga Criativa e Relacional",Goiânia/GO,23.905.004/0001-14,falepra@pontocjr.com,https://comunicacaoponto.com.br/,Goiás Júnior,Relatório Portal BJ EJs 2025 0101.xlsx,"52 membros, 20 contratos, R$ 26.400,63 de faturamento, cluster 2, cursos: Comunicação Social - Publicidade E Propaganda",26,12.8,20,7.6,11.0,77.3,A - abordar agora,Diagnóstico de clima criativo + rotina de aprovação e limites com clientes,"Oi, pessoal da Ponto. Sou Lucas, da OrganizeJr, EJ de Psicologia Organizacional da UNEB. Estou validando um recorte nacional de EJs de comunicação para entender como times criativos lidam com rotina, feedback, aprovação, onboarding e limites com clientes. Vi no Portal BJ 2025 que vocês têm 52 membros e 20 contratos, então parecem um bom caso para essa conversa. Topariam 20 minutos para trocar sobre essas dores e avaliar se faz sentido um diagnóstico ou oficina da OrganizeJr?","1) rodar pp-leads company; 2) se houver dados úteis, rodar enrich; 3) registrar no Ploomes; 4) abordar por e-mail institucional; 5) usar Instagram/LinkedIn se e-mail ausente ou sem resposta.",Dor ainda é hipótese. Validar sobrecarga criativa/relacional antes de vender solução.,"leads-brasil-pp-cli company ""23.905.004/0001-14"" --agent --select name,cnpj,status,address,contacts --deliver file:.context/organizejr/enrichment/23905004000114-company.json","leads-brasil-pp-cli enrich ""23.905.004/0001-14"" --agent --deliver file:.context/organizejr/enrichment/23905004000114-enrich.json",mailto:falepra@pontocjr.com?subject=Troca+r%C3%A1pida+sobre+rotina+de+times+criativos+em+EJs+de+comunica%C3%A7%C3%A3o&body=Oi%2C+pessoal+da+Ponto.+Sou+Lucas%2C+da+OrganizeJr%2C+EJ+de+Psicologia+Organizacional+da+UNEB.+Estou+validando+um+recorte+nacional+de+EJs+de+comunica%C3%A7%C3%A3o+para+entender+como+times+criativos+lidam+com+rotina%2C+feedback%2C+aprova%C3%A7%C3%A3o%2C+onboarding+e+limites+com+clientes.+Vi+no+Portal+BJ+2025+que+voc%C3%AAs+t%C3%AAm+52+membros+e+20+contratos%2C+ent%C3%A3o+parecem+um+bom+caso+para+essa+conversa.+Topariam+20+minutos+para+trocar+sobre+essas+dores+e+avaliar+se+faz+sentido+um+diagn%C3%B3stico+ou+oficina+da+OrganizeJr%3F,,"leads-brasil-pp-cli company-goat ""23.905.004/0001-14"" --agent --deliver file:.context/organizejr/enrichment/23905004000114-company-goat.json","leads-brasil-pp-cli contact-goat ""Ponto"" --agent --deliver file:.context/organizejr/enrichment/23905004000114-contact-goat.json",scrape-creators-pp-cli linkedin list-company --url https://www.linkedin.com/company/ --agent --deliver file:.context/organizejr/enrichment/23905004000114-scrape.json
9,"Lote 2, escala da semana",Jangadeiros,"Meio, EJs e startups","ICP 2.3, EJs de Comunicação com Sobrecarga Criativa e Relacional",Maceió/AL,34.100.549/0001-70,direx@ejangadeiros.com.br,https://instagram.com/ejangadeiros,FEJEA,Relatório Portal BJ EJs 2025 0101.xlsx,"19 membros, 33 contratos, R$ 129.362,00 de faturamento, cluster 5, cursos: Jornalismo, Relações Públicas",24,14.8,17,11.8,9.5,77.1,A/B - validação ativa,Diagnóstico de clima criativo + rotina de aprovação e limites com clientes,"Oi, pessoal da Jangadeiros. Sou Lucas, da OrganizeJr, EJ de Psicologia Organizacional da UNEB. Estou validando um recorte nacional de EJs de comunicação para entender como times criativos lidam com rotina, feedback, aprovação, onboarding e limites com clientes. Vi no Portal BJ 2025 que vocês têm 19 membros e 33 contratos, então parecem um bom caso para essa conversa. Topariam 20 minutos para trocar sobre essas dores e avaliar se faz sentido um diagnóstico ou oficina da OrganizeJr?","1) rodar pp-leads company; 2) se houver dados úteis, rodar enrich; 3) registrar no Ploomes; 4) abordar por e-mail institucional; 5) usar Instagram/LinkedIn se e-mail ausente ou sem resposta.",Dor ainda é hipótese. Validar sobrecarga criativa/relacional antes de vender solução.,"leads-brasil-pp-cli company ""34.100.549/0001-70"" --agent --select name,cnpj,status,address,contacts --deliver file:.context/organizejr/enrichment/34100549000170-company.json","leads-brasil-pp-cli enrich ""34.100.549/0001-70"" --agent --deliver file:.context/organizejr/enrichment/34100549000170-enrich.json",mailto:direx@ejangadeiros.com.br?subject=Troca+r%C3%A1pida+sobre+rotina+de+times+criativos+em+EJs+de+comunica%C3%A7%C3%A3o&body=Oi%2C+pessoal+da+Jangadeiros.+Sou+Lucas%2C+da+OrganizeJr%2C+EJ+de+Psicologia+Organizacional+da+UNEB.+Estou+validando+um+recorte+nacional+de+EJs+de+comunica%C3%A7%C3%A3o+para+entender+como+times+criativos+lidam+com+rotina%2C+feedback%2C+aprova%C3%A7%C3%A3o%2C+onboarding+e+limites+com+clientes.+Vi+no+Portal+BJ+2025+que+voc%C3%AAs+t%C3%AAm+19+membros+e+33+contratos%2C+ent%C3%A3o+parecem+um+bom+caso+para+essa+conversa.+Topariam+20+minutos+para+trocar+sobre+essas+dores+e+avaliar+se+faz+sentido+um+diagn%C3%B3stico+ou+oficina+da+OrganizeJr%3F,,"leads-brasil-pp-cli company-goat ""34.100.549/0001-70"" --agent --deliver file:.context/organizejr/enrichment/34100549000170-company-goat.json","leads-brasil-pp-cli contact-goat ""Jangadeiros"" --agent --deliver file:.context/organizejr/enrichment/34100549000170-contact-goat.json",scrape-creators-pp-cli linkedin list-company --url https://www.linkedin.com/company/ --agent --deliver file:.context/organizejr/enrichment/34100549000170-scrape.json
10,"Lote 2, escala da semana",Doisnovemeia Publicidade,"Meio, EJs e startups","ICP 2.3, EJs de Comunicação com Sobrecarga Criativa e Relacional",Brasília/DF,01.350.243/0001-12,presidencia@doisnovemeia.com.br,http://www.doisnovemeia.com.br,Concentro,Relatório Portal BJ EJs 2025 0101.xlsx,"26 membros, 14 contratos, R$ 40.360,00 de faturamento, cluster 1, cursos: Comunicação Social - Audiovisual, Comunicação Social - Comunicação Organizacional, Comunicação Social - Publicidade E Propaganda",28,9.4,20,6.8,12.5,76.7,A/B - validação ativa,"Oficina de briefing, feedback e debriefing para squads criativos","Oi, pessoal da Doisnovemeia Publicidade. Sou Lucas, da OrganizeJr, EJ de Psicologia Organizacional da UNEB. Estou validando um recorte nacional de EJs de comunicação para entender como times criativos lidam com rotina, feedback, aprovação, onboarding e limites com clientes. Vi no Portal BJ 2025 que vocês têm 26 membros e 14 contratos, então parecem um bom caso para essa conversa. Topariam 20 minutos para trocar sobre essas dores e avaliar se faz sentido um diagnóstico ou oficina da OrganizeJr?","1) rodar pp-leads company; 2) se houver dados úteis, rodar enrich; 3) registrar no Ploomes; 4) abordar por e-mail institucional; 5) usar Instagram/LinkedIn se e-mail ausente ou sem resposta.",Dor ainda é hipótese. Validar sobrecarga criativa/relacional antes de vender solução.,"leads-brasil-pp-cli company ""01.350.243/0001-12"" --agent --select name,cnpj,status,address,contacts --deliver file:.context/organizejr/enrichment/01350243000112-company.json","leads-brasil-pp-cli enrich ""01.350.243/0001-12"" --agent --deliver file:.context/organizejr/enrichment/01350243000112-enrich.json",mailto:presidencia@doisnovemeia.com.br?subject=Troca+r%C3%A1pida+sobre+rotina+de+times+criativos+em+EJs+de+comunica%C3%A7%C3%A3o&body=Oi%2C+pessoal+da+Doisnovemeia+Publicidade.+Sou+Lucas%2C+da+OrganizeJr%2C+EJ+de+Psicologia+Organizacional+da+UNEB.+Estou+validando+um+recorte+nacional+de+EJs+de+comunica%C3%A7%C3%A3o+para+entender+como+times+criativos+lidam+com+rotina%2C+feedback%2C+aprova%C3%A7%C3%A3o%2C+onboarding+e+limites+com+clientes.+Vi+no+Portal+BJ+2025+que+voc%C3%AAs+t%C3%AAm+26+membros+e+14+contratos%2C+ent%C3%A3o+parecem+um+bom+caso+para+essa+conversa.+Topariam+20+minutos+para+trocar+sobre+essas+dores+e+avaliar+se+faz+sentido+um+diagn%C3%B3stico+ou+oficina+da+OrganizeJr%3F,,"leads-brasil-pp-cli company-goat ""01.350.243/0001-12"" --agent --deliver file:.context/organizejr/enrichment/01350243000112-company-goat.json","leads-brasil-pp-cli contact-goat ""Doisnovemeia Publicidade"" --agent --deliver file:.context/organizejr/enrichment/01350243000112-contact-goat.json",scrape-creators-pp-cli linkedin list-company --url https://www.linkedin.com/company/ --agent --deliver file:.context/organizejr/enrichment/01350243000112-scrape.json
11,"Lote 2, escala da semana",Rastro Agência Jr.,"Meio, EJs e startups","ICP 2.3, EJs de Comunicação com Sobrecarga Criativa e Relacional",Fortaleza/CE,23.353.442/0001-17,diretoria.rastroufc@gmail.com,https://www.google.com/search?gs_ssp=eJzj4tVP1zc0TLOsSI4vKzA0YLRSMagwTzY3sUwzsUw0SE42SjS0MqgwTTWyME4xszBOS7ZIM7ZI8RIsSiwuKcpXSExPzUvOTFTIKgIA8bEVwA&q=rastro+agencia+jr&oq=ras&aqs=chrome.1.69i57j46i39i175i199j0i131i433i512j0i433i512j0i131i433i512j69i60l3.1962j0j7&sourceid=chrome&ie=UTF-8,FEJECE,Relatório Portal BJ EJs 2025 0101.xlsx,"34 membros, 20 contratos, R$ 54.031,03 de faturamento, cluster 3, cursos: Comunicação Social - Publicidade E Propaganda",26,10.3,20,8.7,11.0,76.0,A/B - validação ativa,Diagnóstico de clima criativo + rotina de aprovação e limites com clientes,"Oi, pessoal da Rastro Agência Jr.. Sou Lucas, da OrganizeJr, EJ de Psicologia Organizacional da UNEB. Estou validando um recorte nacional de EJs de comunicação para entender como times criativos lidam com rotina, feedback, aprovação, onboarding e limites com clientes. Vi no Portal BJ 2025 que vocês têm 34 membros e 20 contratos, então parecem um bom caso para essa conversa. Topariam 20 minutos para trocar sobre essas dores e avaliar se faz sentido um diagnóstico ou oficina da OrganizeJr?","1) rodar pp-leads company; 2) se houver dados úteis, rodar enrich; 3) registrar no Ploomes; 4) abordar por e-mail institucional; 5) usar Instagram/LinkedIn se e-mail ausente ou sem resposta.",Dor ainda é hipótese. Validar sobrecarga criativa/relacional antes de vender solução.,"leads-brasil-pp-cli company ""23.353.442/0001-17"" --agent --select name,cnpj,status,address,contacts --deliver file:.context/organizejr/enrichment/23353442000117-company.json","leads-brasil-pp-cli enrich ""23.353.442/0001-17"" --agent --deliver file:.context/organizejr/enrichment/23353442000117-enrich.json",mailto:diretoria.rastroufc@gmail.com?subject=Troca+r%C3%A1pida+sobre+rotina+de+times+criativos+em+EJs+de+comunica%C3%A7%C3%A3o&body=Oi%2C+pessoal+da+Rastro+Ag%C3%AAncia+Jr..+Sou+Lucas%2C+da+OrganizeJr%2C+EJ+de+Psicologia+Organizacional+da+UNEB.+Estou+validando+um+recorte+nacional+de+EJs+de+comunica%C3%A7%C3%A3o+para+entender+como+times+criativos+lidam+com+rotina%2C+feedback%2C+aprova%C3%A7%C3%A3o%2C+onboarding+e+limites+com+clientes.+Vi+no+Portal+BJ+2025+que+voc%C3%AAs+t%C3%AAm+34+membros+e+20+contratos%2C+ent%C3%A3o+parecem+um+bom+caso+para+essa+conversa.+Topariam+20+minutos+para+trocar+sobre+essas+dores+e+avaliar+se+faz+sentido+um+diagn%C3%B3stico+ou+oficina+da+OrganizeJr%3F,,"leads-brasil-pp-cli company-goat ""23.353.442/0001-17"" --agent --deliver file:.context/organizejr/enrichment/23353442000117-company-goat.json","leads-brasil-pp-cli contact-goat ""Rastro Agência Jr."" --agent --deliver file:.context/organizejr/enrichment/23353442000117-contact-goat.json",scrape-creators-pp-cli linkedin list-company --url https://www.linkedin.com/company/ --agent --deliver file:.context/organizejr/enrichment/23353442000117-scrape.json
12,"Lote 2, escala da semana",Nuvem Jr.,"Meio, EJs e startups","ICP 2.3, EJs de Comunicação com Sobrecarga Criativa e Relacional",Santa Maria/RS,31.316.267/0001-16,sem e-mail no relatório,https://www.nuvemjr.com/,FEJERS,Relatório Portal BJ EJs 2025 0101.xlsx,"30 membros, 26 contratos, R$ 30.155,10 de faturamento, cluster 2, cursos: Comunicação Social - Produção Editorial, Comunicação Social - Publicidade E Propaganda, Comunicação Social - Relações Públicas, Jornalismo",30,12.3,12,8.5,12.5,75.3,A/B - validação ativa,Diagnóstico de clima criativo + rotina de aprovação e limites com clientes,"Oi, pessoal da Nuvem Jr.. Sou Lucas, da OrganizeJr, EJ de Psicologia Organizacional da UNEB. Estou validando um recorte nacional de EJs de comunicação para entender como times criativos lidam com rotina, feedback, aprovação, onboarding e limites com clientes. Vi no Portal BJ 2025 que vocês têm 30 membros e 26 contratos, então parecem um bom caso para essa conversa. Topariam 20 minutos para trocar sobre essas dores e avaliar se faz sentido um diagnóstico ou oficina da OrganizeJr?","1) rodar pp-leads company; 2) se houver dados úteis, rodar enrich; 3) registrar no Ploomes; 4) abordar por e-mail institucional; 5) usar Instagram/LinkedIn se e-mail ausente ou sem resposta.",Dor ainda é hipótese. Validar sobrecarga criativa/relacional antes de vender solução.,"leads-brasil-pp-cli company ""31.316.267/0001-16"" --agent --select name,cnpj,status,address,contacts --deliver file:.context/organizejr/enrichment/31316267000116-company.json","leads-brasil-pp-cli enrich ""31.316.267/0001-16"" --agent --deliver file:.context/organizejr/enrichment/31316267000116-enrich.json",,,"leads-brasil-pp-cli company-goat ""31.316.267/0001-16"" --agent --deliver file:.context/organizejr/enrichment/31316267000116-company-goat.json","leads-brasil-pp-cli contact-goat ""Nuvem Jr."" --agent --deliver file:.context/organizejr/enrichment/31316267000116-contact-goat.json",scrape-creators-pp-cli linkedin list-company --url https://www.linkedin.com/company/ --agent --deliver file:.context/organizejr/enrichment/31316267000116-scrape.json
13,"Lote 2, escala da semana",Marketing Júnior USP,"Meio, EJs e startups","ICP 2.3, EJs de Comunicação com Sobrecarga Criativa e Relacional",São Paulo/SP,11.565.122/0001-41,presidencia@marketingjr.com.br,https://www.marketingjr.com.br/,FEJESP,Relatório Portal BJ EJs 2025 0101.xlsx,"46 membros, 24 contratos, R$ 200.449,13 de faturamento, cluster 5, cursos: Marketing",22,14.0,20,13.0,9.5,78.5,A/B - validação ativa,Diagnóstico de clima criativo + rotina de aprovação e limites com clientes,"Oi, pessoal da Marketing Júnior USP. Sou Lucas, da OrganizeJr, EJ de Psicologia Organizacional da UNEB. Estou validando um recorte nacional de EJs de comunicação para entender como times criativos lidam com rotina, feedback, aprovação, onboarding e limites com clientes. Vi no Portal BJ 2025 que vocês têm 46 membros e 24 contratos, então parecem um bom caso para essa conversa. Topariam 20 minutos para trocar sobre essas dores e avaliar se faz sentido um diagnóstico ou oficina da OrganizeJr?","1) rodar pp-leads company; 2) se houver dados úteis, rodar enrich; 3) registrar no Ploomes; 4) abordar por e-mail institucional; 5) usar Instagram/LinkedIn se e-mail ausente ou sem resposta.",Dor ainda é hipótese. Validar sobrecarga criativa/relacional antes de vender solução.,"leads-brasil-pp-cli company ""11.565.122/0001-41"" --agent --select name,cnpj,status,address,contacts --deliver file:.context/organizejr/enrichment/11565122000141-company.json","leads-brasil-pp-cli enrich ""11.565.122/0001-41"" --agent --deliver file:.context/organizejr/enrichment/11565122000141-enrich.json",mailto:presidencia@marketingjr.com.br?subject=Troca+r%C3%A1pida+sobre+rotina+de+times+criativos+em+EJs+de+comunica%C3%A7%C3%A3o&body=Oi%2C+pessoal+da+Marketing+J%C3%BAnior+USP.+Sou+Lucas%2C+da+OrganizeJr%2C+EJ+de+Psicologia+Organizacional+da+UNEB.+Estou+validando+um+recorte+nacional+de+EJs+de+comunica%C3%A7%C3%A3o+para+entender+como+times+criativos+lidam+com+rotina%2C+feedback%2C+aprova%C3%A7%C3%A3o%2C+onboarding+e+limites+com+clientes.+Vi+no+Portal+BJ+2025+que+voc%C3%AAs+t%C3%AAm+46+membros+e+24+contratos%2C+ent%C3%A3o+parecem+um+bom+caso+para+essa+conversa.+Topariam+20+minutos+para+trocar+sobre+essas+dores+e+avaliar+se+faz+sentido+um+diagn%C3%B3stico+ou+oficina+da+OrganizeJr%3F,,"leads-brasil-pp-cli company-goat ""11.565.122/0001-41"" --agent --deliver file:.context/organizejr/enrichment/11565122000141-company-goat.json","leads-brasil-pp-cli contact-goat ""Marketing Júnior USP"" --agent --deliver file:.context/organizejr/enrichment/11565122000141-contact-goat.json",scrape-creators-pp-cli linkedin list-company --url https://www.linkedin.com/company/ --agent --deliver file:.context/organizejr/enrichment/11565122000141-scrape.json
14,"Lote 2, escala da semana",Matriz Comunicação,"Meio, EJs e startups","ICP 2.3, EJs de Comunicação com Sobrecarga Criativa e Relacional",Brasília/DF,05.607.458/0001-27,digital.matriz@gmail.com,http://www.matrizcomunicacao.com/,Concentro,Relatório Portal BJ EJs 2025 0101.xlsx,"16 membros, 3 contratos, R$ 5.350,00 de faturamento, cluster 1, cursos: Comunicação Social - Publicidade E Propaganda, Design Visual, Jornalismo",30,6.4,20,2.7,14.0,73.2,A/B - validação ativa,"Oficina de briefing, feedback e debriefing para squads criativos","Oi, pessoal da Matriz Comunicação. Sou Lucas, da OrganizeJr, EJ de Psicologia Organizacional da UNEB. Estou validando um recorte nacional de EJs de comunicação para entender como times criativos lidam com rotina, feedback, aprovação, onboarding e limites com clientes. Vi no Portal BJ 2025 que vocês têm 16 membros e 3 contratos, então parecem um bom caso para essa conversa. Topariam 20 minutos para trocar sobre essas dores e avaliar se faz sentido um diagnóstico ou oficina da OrganizeJr?","1) rodar pp-leads company; 2) se houver dados úteis, rodar enrich; 3) registrar no Ploomes; 4) abordar por e-mail institucional; 5) usar Instagram/LinkedIn se e-mail ausente ou sem resposta.",Dor ainda é hipótese. Validar sobrecarga criativa/relacional antes de vender solução.,"leads-brasil-pp-cli company ""05.607.458/0001-27"" --agent --select name,cnpj,status,address,contacts --deliver file:.context/organizejr/enrichment/05607458000127-company.json","leads-brasil-pp-cli enrich ""05.607.458/0001-27"" --agent --deliver file:.context/organizejr/enrichment/05607458000127-enrich.json",mailto:digital.matriz@gmail.com?subject=Troca+r%C3%A1pida+sobre+rotina+de+times+criativos+em+EJs+de+comunica%C3%A7%C3%A3o&body=Oi%2C+pessoal+da+Matriz+Comunica%C3%A7%C3%A3o.+Sou+Lucas%2C+da+OrganizeJr%2C+EJ+de+Psicologia+Organizacional+da+UNEB.+Estou+validando+um+recorte+nacional+de+EJs+de+comunica%C3%A7%C3%A3o+para+entender+como+times+criativos+lidam+com+rotina%2C+feedback%2C+aprova%C3%A7%C3%A3o%2C+onboarding+e+limites+com+clientes.+Vi+no+Portal+BJ+2025+que+voc%C3%AAs+t%C3%AAm+16+membros+e+3+contratos%2C+ent%C3%A3o+parecem+um+bom+caso+para+essa+conversa.+Topariam+20+minutos+para+trocar+sobre+essas+dores+e+avaliar+se+faz+sentido+um+diagn%C3%B3stico+ou+oficina+da+OrganizeJr%3F,,"leads-brasil-pp-cli company-goat ""05.607.458/0001-27"" --agent --deliver file:.context/organizejr/enrichment/05607458000127-company-goat.json","leads-brasil-pp-cli contact-goat ""Matriz Comunicação"" --agent --deliver file:.context/organizejr/enrichment/05607458000127-contact-goat.json",scrape-creators-pp-cli linkedin list-company --url https://www.linkedin.com/company/ --agent --deliver file:.context/organizejr/enrichment/05607458000127-scrape.json
15,"Lote 2, escala da semana",Pégaso,"Meio, EJs e startups","ICP 2.3, EJs de Comunicação com Sobrecarga Criativa e Relacional",Curitiba/PR,35.206.418/0001-34,produtorapegaso@gmail.com,sem site no relatório,FEJEPAR,Relatório Portal BJ EJs 2025 0101.xlsx,"23 membros, 12 contratos, R$ 18.861,57 de faturamento, cluster 1, cursos: Comunicação Institucional, Design De Produto, Design Gráfico, Jornalismo, Produção Cênica, Publicidade E Propaganda, Relações Públicas",30,8.6,15,5.3,14.0,72.9,A/B - validação ativa,"Oficina de briefing, feedback e debriefing para squads criativos","Oi, pessoal da Pégaso. Sou Lucas, da OrganizeJr, EJ de Psicologia Organizacional da UNEB. Estou validando um recorte nacional de EJs de comunicação para entender como times criativos lidam com rotina, feedback, aprovação, onboarding e limites com clientes. Vi no Portal BJ 2025 que vocês têm 23 membros e 12 contratos, então parecem um bom caso para essa conversa. Topariam 20 minutos para trocar sobre essas dores e avaliar se faz sentido um diagnóstico ou oficina da OrganizeJr?","1) rodar pp-leads company; 2) se houver dados úteis, rodar enrich; 3) registrar no Ploomes; 4) abordar por e-mail institucional; 5) usar Instagram/LinkedIn se e-mail ausente ou sem resposta.",Dor ainda é hipótese. Validar sobrecarga criativa/relacional antes de vender solução.,"leads-brasil-pp-cli company ""35.206.418/0001-34"" --agent --select name,cnpj,status,address,contacts --deliver file:.context/organizejr/enrichment/35206418000134-company.json","leads-brasil-pp-cli enrich ""35.206.418/0001-34"" --agent --deliver file:.context/organizejr/enrichment/35206418000134-enrich.json",mailto:produtorapegaso@gmail.com?subject=Troca+r%C3%A1pida+sobre+rotina+de+times+criativos+em+EJs+de+comunica%C3%A7%C3%A3o&body=Oi%2C+pessoal+da+P%C3%A9gaso.+Sou+Lucas%2C+da+OrganizeJr%2C+EJ+de+Psicologia+Organizacional+da+UNEB.+Estou+validando+um+recorte+nacional+de+EJs+de+comunica%C3%A7%C3%A3o+para+entender+como+times+criativos+lidam+com+rotina%2C+feedback%2C+aprova%C3%A7%C3%A3o%2C+onboarding+e+limites+com+clientes.+Vi+no+Portal+BJ+2025+que+voc%C3%AAs+t%C3%AAm+23+membros+e+12+contratos%2C+ent%C3%A3o+parecem+um+bom+caso+para+essa+conversa.+Topariam+20+minutos+para+trocar+sobre+essas+dores+e+avaliar+se+faz+sentido+um+diagn%C3%B3stico+ou+oficina+da+OrganizeJr%3F,,"leads-brasil-pp-cli company-goat ""35.206.418/0001-34"" --agent --deliver file:.context/organizejr/enrichment/35206418000134-company-goat.json","leads-brasil-pp-cli contact-goat ""Pégaso"" --agent --deliver file:.context/organizejr/enrichment/35206418000134-contact-goat.json",scrape-creators-pp-cli linkedin list-company --url https://www.linkedin.com/company/ --agent --deliver file:.context/organizejr/enrichment/35206418000134-scrape.json
16,"Lote 2, escala da semana",Agência de Comunicações ECA Jr.,"Meio, EJs e startups","ICP 2.3, EJs de Comunicação com Sobrecarga Criativa e Relacional",São Paulo/SP,67.004.424/0001-03,comunicacao@ecajr.com.br,http://www.ecajr.com.br/,FEJESP,Relatório Portal BJ EJs 2025 0101.xlsx,"23 membros, 8 contratos, R$ 44.850,00 de faturamento, cluster 1, cursos: Comunicação Social Com Habilitação Em Publicidade E Propaganda, Relações Públicas, Turismo",28,5.3,20,5.9,11.0,70.2,A/B - validação ativa,Diagnóstico de clima criativo + rotina de aprovação e limites com clientes,"Oi, pessoal da Agência de Comunicações ECA Jr.. Sou Lucas, da OrganizeJr, EJ de Psicologia Organizacional da UNEB. Estou validando um recorte nacional de EJs de comunicação para entender como times criativos lidam com rotina, feedback, aprovação, onboarding e limites com clientes. Vi no Portal BJ 2025 que vocês têm 23 membros e 8 contratos, então parecem um bom caso para essa conversa. Topariam 20 minutos para trocar sobre essas dores e avaliar se faz sentido um diagnóstico ou oficina da OrganizeJr?","1) rodar pp-leads company; 2) se houver dados úteis, rodar enrich; 3) registrar no Ploomes; 4) abordar por e-mail institucional; 5) usar Instagram/LinkedIn se e-mail ausente ou sem resposta.",Dor ainda é hipótese. Validar sobrecarga criativa/relacional antes de vender solução.,"leads-brasil-pp-cli company ""67.004.424/0001-03"" --agent --select name,cnpj,status,address,contacts --deliver file:.context/organizejr/enrichment/67004424000103-company.json","leads-brasil-pp-cli enrich ""67.004.424/0001-03"" --agent --deliver file:.context/organizejr/enrichment/67004424000103-enrich.json",mailto:comunicacao@ecajr.com.br?subject=Troca+r%C3%A1pida+sobre+rotina+de+times+criativos+em+EJs+de+comunica%C3%A7%C3%A3o&body=Oi%2C+pessoal+da+Ag%C3%AAncia+de+Comunica%C3%A7%C3%B5es+ECA+Jr..+Sou+Lucas%2C+da+OrganizeJr%2C+EJ+de+Psicologia+Organizacional+da+UNEB.+Estou+validando+um+recorte+nacional+de+EJs+de+comunica%C3%A7%C3%A3o+para+entender+como+times+criativos+lidam+com+rotina%2C+feedback%2C+aprova%C3%A7%C3%A3o%2C+onboarding+e+limites+com+clientes.+Vi+no+Portal+BJ+2025+que+voc%C3%AAs+t%C3%AAm+23+membros+e+8+contratos%2C+ent%C3%A3o+parecem+um+bom+caso+para+essa+conversa.+Topariam+20+minutos+para+trocar+sobre+essas+dores+e+avaliar+se+faz+sentido+um+diagn%C3%B3stico+ou+oficina+da+OrganizeJr%3F,,"leads-brasil-pp-cli company-goat ""67.004.424/0001-03"" --agent --deliver file:.context/organizejr/enrichment/67004424000103-company-goat.json","leads-brasil-pp-cli contact-goat ""Agência de Comunicações ECA Jr."" --agent --deliver file:.context/organizejr/enrichment/67004424000103-contact-goat.json",scrape-creators-pp-cli linkedin list-company --url https://www.linkedin.com/company/ --agent --deliver file:.context/organizejr/enrichment/67004424000103-scrape.json
17,"Lote 3, benchmark e maturidade",ESPM Jr.,"Meio, EJs e startups","ICP 2.3, EJs de Comunicação com Sobrecarga Criativa e Relacional",Rio de Janeiro/RJ,03.419.601/0001-21,diretoriapresidencia@espmjr.com,http://www.espmjr.com/,RioJunior,Relatório Portal BJ EJs 2025 0101.xlsx,"37 membros, 27 contratos, R$ 302.121,00 de faturamento, cluster 5, cursos: Administração, Comunicação Social - Publicidade E Propaganda, Design",28,18.0,20,13.4,12.5,91.9,Benchmark - validar maturidade,"Oficina de briefing, feedback e debriefing para squads criativos","Oi, pessoal da ESPM Jr.. Sou Lucas, da OrganizeJr, EJ de Psicologia Organizacional da UNEB. Estou validando um recorte nacional de EJs de comunicação para entender como times criativos lidam com rotina, feedback, aprovação, onboarding e limites com clientes. Vi no Portal BJ 2025 que vocês têm 37 membros e 27 contratos, então parecem um bom caso para essa conversa. Topariam 20 minutos para trocar sobre essas dores e avaliar se faz sentido um diagnóstico ou oficina da OrganizeJr?","1) rodar pp-leads company; 2) se houver dados úteis, rodar enrich; 3) registrar no Ploomes; 4) abordar por e-mail institucional; 5) usar Instagram/LinkedIn se e-mail ausente ou sem resposta.",Dor ainda é hipótese. Validar sobrecarga criativa/relacional antes de vender solução.,"leads-brasil-pp-cli company ""03.419.601/0001-21"" --agent --select name,cnpj,status,address,contacts --deliver file:.context/organizejr/enrichment/03419601000121-company.json","leads-brasil-pp-cli enrich ""03.419.601/0001-21"" --agent --deliver file:.context/organizejr/enrichment/03419601000121-enrich.json",mailto:diretoriapresidencia@espmjr.com?subject=Troca+r%C3%A1pida+sobre+rotina+de+times+criativos+em+EJs+de+comunica%C3%A7%C3%A3o&body=Oi%2C+pessoal+da+ESPM+Jr..+Sou+Lucas%2C+da+OrganizeJr%2C+EJ+de+Psicologia+Organizacional+da+UNEB.+Estou+validando+um+recorte+nacional+de+EJs+de+comunica%C3%A7%C3%A3o+para+entender+como+times+criativos+lidam+com+rotina%2C+feedback%2C+aprova%C3%A7%C3%A3o%2C+onboarding+e+limites+com+clientes.+Vi+no+Portal+BJ+2025+que+voc%C3%AAs+t%C3%AAm+37+membros+e+27+contratos%2C+ent%C3%A3o+parecem+um+bom+caso+para+essa+conversa.+Topariam+20+minutos+para+trocar+sobre+essas+dores+e+avaliar+se+faz+sentido+um+diagn%C3%B3stico+ou+oficina+da+OrganizeJr%3F,,"leads-brasil-pp-cli company-goat ""03.419.601/0001-21"" --agent --deliver file:.context/organizejr/enrichment/03419601000121-company-goat.json","leads-brasil-pp-cli contact-goat ""ESPM Jr."" --agent --deliver file:.context/organizejr/enrichment/03419601000121-contact-goat.json",scrape-creators-pp-cli linkedin list-company --url https://www.linkedin.com/company/ --agent --deliver file:.context/organizejr/enrichment/03419601000121-scrape.json
18,"Lote 3, benchmark e maturidade",ESPM Jr.,"Meio, EJs e startups","ICP 2.3, EJs de Comunicação com Sobrecarga Criativa e Relacional",São Paulo/SP,67.135.038/0001-42,sem e-mail no relatório,https://espmjr.com.br/,FEJESP,Relatório Portal BJ EJs 2025 0101.xlsx,"42 membros, 17 contratos, R$ 175.160,95 de faturamento, cluster 1, cursos: Administração, Comunicação Social - Publicidade E Propaganda",26,12.9,12,12.1,11.0,74.0,Benchmark - validar maturidade,Diagnóstico de clima criativo + rotina de aprovação e limites com clientes,"Oi, pessoal da ESPM Jr.. Sou Lucas, da OrganizeJr, EJ de Psicologia Organizacional da UNEB. Estou validando um recorte nacional de EJs de comunicação para entender como times criativos lidam com rotina, feedback, aprovação, onboarding e limites com clientes. Vi no Portal BJ 2025 que vocês têm 42 membros e 17 contratos, então parecem um bom caso para essa conversa. Topariam 20 minutos para trocar sobre essas dores e avaliar se faz sentido um diagnóstico ou oficina da OrganizeJr?","1) rodar pp-leads company; 2) se houver dados úteis, rodar enrich; 3) registrar no Ploomes; 4) abordar por e-mail institucional; 5) usar Instagram/LinkedIn se e-mail ausente ou sem resposta.",Dor ainda é hipótese. Validar sobrecarga criativa/relacional antes de vender solução.,"leads-brasil-pp-cli company ""67.135.038/0001-42"" --agent --select name,cnpj,status,address,contacts --deliver file:.context/organizejr/enrichment/67135038000142-company.json","leads-brasil-pp-cli enrich ""67.135.038/0001-42"" --agent --deliver file:.context/organizejr/enrichment/67135038000142-enrich.json",,,"leads-brasil-pp-cli company-goat ""67.135.038/0001-42"" --agent --deliver file:.context/organizejr/enrichment/67135038000142-company-goat.json","leads-brasil-pp-cli contact-goat ""ESPM Jr."" --agent --deliver file:.context/organizejr/enrichment/67135038000142-contact-goat.json",scrape-creators-pp-cli linkedin list-company --url https://www.linkedin.com/company/ --agent --deliver file:.context/organizejr/enrichment/67135038000142-scrape.json
19,"Lote 3, benchmark e maturidade",Aspecto Empreendimento Criativo,"Meio, EJs e startups","ICP 2.3, EJs de Comunicação com Sobrecarga Criativa e Relacional",Juiz de Fora/MG,14.495.150/0001-28,contato@aspectojr.com.br,https://aspectojr.com.br,FEJEMG,Relatório Portal BJ EJs 2025 0101.xlsx,"32 membros, 44 contratos, R$ 78.343,28 de faturamento, cluster 4, cursos: Artes Visuais, Cinema E Audiovisual, Design, Interdisciplinar Em Artes E Design - Bi/Li, Moda",24,14.3,20,12.1,11.0,81.4,Benchmark - validar maturidade,"Oficina de briefing, feedback e debriefing para squads criativos","Oi, pessoal da Aspecto Empreendimento Criativo. Sou Lucas, da OrganizeJr, EJ de Psicologia Organizacional da UNEB. Estou validando um recorte nacional de EJs de comunicação para entender como times criativos lidam com rotina, feedback, aprovação, onboarding e limites com clientes. Vi no Portal BJ 2025 que vocês têm 32 membros e 44 contratos, então parecem um bom caso para essa conversa. Topariam 20 minutos para trocar sobre essas dores e avaliar se faz sentido um diagnóstico ou oficina da OrganizeJr?","1) rodar pp-leads company; 2) se houver dados úteis, rodar enrich; 3) registrar no Ploomes; 4) abordar por e-mail institucional; 5) usar Instagram/LinkedIn se e-mail ausente ou sem resposta.",Dor ainda é hipótese. Validar sobrecarga criativa/relacional antes de vender solução.,"leads-brasil-pp-cli company ""14.495.150/0001-28"" --agent --select name,cnpj,status,address,contacts --deliver file:.context/organizejr/enrichment/14495150000128-company.json","leads-brasil-pp-cli enrich ""14.495.150/0001-28"" --agent --deliver file:.context/organizejr/enrichment/14495150000128-enrich.json",mailto:contato@aspectojr.com.br?subject=Troca+r%C3%A1pida+sobre+rotina+de+times+criativos+em+EJs+de+comunica%C3%A7%C3%A3o&body=Oi%2C+pessoal+da+Aspecto+Empreendimento+Criativo.+Sou+Lucas%2C+da+OrganizeJr%2C+EJ+de+Psicologia+Organizacional+da+UNEB.+Estou+validando+um+recorte+nacional+de+EJs+de+comunica%C3%A7%C3%A3o+para+entender+como+times+criativos+lidam+com+rotina%2C+feedback%2C+aprova%C3%A7%C3%A3o%2C+onboarding+e+limites+com+clientes.+Vi+no+Portal+BJ+2025+que+voc%C3%AAs+t%C3%AAm+32+membros+e+44+contratos%2C+ent%C3%A3o+parecem+um+bom+caso+para+essa+conversa.+Topariam+20+minutos+para+trocar+sobre+essas+dores+e+avaliar+se+faz+sentido+um+diagn%C3%B3stico+ou+oficina+da+OrganizeJr%3F,,"leads-brasil-pp-cli company-goat ""14.495.150/0001-28"" --agent --deliver file:.context/organizejr/enrichment/14495150000128-company-goat.json","leads-brasil-pp-cli contact-goat ""Aspecto Empreendimento Criativo"" --agent --deliver file:.context/organizejr/enrichment/14495150000128-contact-goat.json",scrape-creators-pp-cli linkedin list-company --url https://www.linkedin.com/company/ --agent --deliver file:.context/organizejr/enrichment/14495150000128-scrape.json
20,"Lote 3, benchmark e maturidade",Inventório - Empresa Júnior de Design e Moda,"Meio, EJs e startups","ICP 2.3, EJs de Comunicação com Sobrecarga Criativa e Relacional",Florianópolis/SC,09.548.993/0001-05,presidencia@inventorio.org.br,http://inventorio.org.br/,FEJESC,Relatório Portal BJ EJs 2025 0101.xlsx,"21 membros, 23 contratos, R$ 148.172,56 de faturamento, cluster 5, cursos: Administração, Design Gráfico, Design - Industrial, Moda",22,11.0,20,11.6,9.5,74.1,Benchmark - validar maturidade,"Oficina de briefing, feedback e debriefing para squads criativos","Oi, pessoal da Inventório - Empresa Júnior de Design e Moda. Sou Lucas, da OrganizeJr, EJ de Psicologia Organizacional da UNEB. Estou validando um recorte nacional de EJs de comunicação para entender como times criativos lidam com rotina, feedback, aprovação, onboarding e limites com clientes. Vi no Portal BJ 2025 que vocês têm 21 membros e 23 contratos, então parecem um bom caso para essa conversa. Topariam 20 minutos para trocar sobre essas dores e avaliar se faz sentido um diagnóstico ou oficina da OrganizeJr?","1) rodar pp-leads company; 2) se houver dados úteis, rodar enrich; 3) registrar no Ploomes; 4) abordar por e-mail institucional; 5) usar Instagram/LinkedIn se e-mail ausente ou sem resposta.",Dor ainda é hipótese. Validar sobrecarga criativa/relacional antes de vender solução.,"leads-brasil-pp-cli company ""09.548.993/0001-05"" --agent --select name,cnpj,status,address,contacts --deliver file:.context/organizejr/enrichment/09548993000105-company.json","leads-brasil-pp-cli enrich ""09.548.993/0001-05"" --agent --deliver file:.context/organizejr/enrichment/09548993000105-enrich.json",mailto:presidencia@inventorio.org.br?subject=Troca+r%C3%A1pida+sobre+rotina+de+times+criativos+em+EJs+de+comunica%C3%A7%C3%A3o&body=Oi%2C+pessoal+da+Invent%C3%B3rio+-+Empresa+J%C3%BAnior+de+Design+e+Moda.+Sou+Lucas%2C+da+OrganizeJr%2C+EJ+de+Psicologia+Organizacional+da+UNEB.+Estou+validando+um+recorte+nacional+de+EJs+de+comunica%C3%A7%C3%A3o+para+entender+como+times+criativos+lidam+com+rotina%2C+feedback%2C+aprova%C3%A7%C3%A3o%2C+onboarding+e+limites+com+clientes.+Vi+no+Portal+BJ+2025+que+voc%C3%AAs+t%C3%AAm+21+membros+e+23+contratos%2C+ent%C3%A3o+parecem+um+bom+caso+para+essa+conversa.+Topariam+20+minutos+para+trocar+sobre+essas+dores+e+avaliar+se+faz+sentido+um+diagn%C3%B3stico+ou+oficina+da+OrganizeJr%3F,,"leads-brasil-pp-cli company-goat ""09.548.993/0001-05"" --agent --deliver file:.context/organizejr/enrichment/09548993000105-company-goat.json","leads-brasil-pp-cli contact-goat ""Inventório - Empresa Júnior de Design e Moda"" --agent --deliver file:.context/organizejr/enrichment/09548993000105-contact-goat.json",scrape-creators-pp-cli linkedin list-company --url https://www.linkedin.com/company/ --agent --deliver file:.context/organizejr/enrichment/09548993000105-scrape.json
